2026-09-27 08:24:56 [main] INFO  ExtentReportManager - Initializing Extent Report.
2026-09-27 08:24:57 [main] INFO  ExtentReportManager - Extent Report initialized successfully.
2026-09-27 08:24:57 [main] INFO  Utils - [TestNG] Running:
  C:\Users\dgowda\AppData\Local\JetBrains\IdeaIC2023.2\temp-testng-customsuite.xml

2026-09-27 08:24:57 [main] INFO  Base - ===== Starting Test Setup =====
2026-09-27 08:24:57 [main] INFO  Base - Initializing Chrome browser.
2026-09-27 08:25:02 [main] INFO  Base - Maximizing browser window.
2026-09-27 08:25:02 [main] INFO  Base - Opening application URL.
2026-09-27 08:25:03 [main] INFO  Base - Browser setup completed successfully.
2026-09-27 08:25:03 [main] INFO  Base - ===== Test Setup Completed =====
2026-09-27 08:25:03 [main] INFO  BaseLogin - ===== Starting DOR Login =====
2026-09-27 08:25:03 [main] INFO  BaseLogin - Entering DOR User ID.
2026-09-27 08:25:03 [main] INFO  Login - Entering User ID.
2026-09-27 08:25:05 [main] INFO  BaseLogin - Entering DOR password.
2026-09-27 08:25:05 [main] INFO  Login - Entering password.
2026-09-27 08:25:05 [main] INFO  BaseLogin - Clicking DOR Sign In button.
2026-09-27 08:25:05 [main] INFO  Login - Clicking Sign In button.
2026-09-27 08:25:05 [main] INFO  BaseLogin - DOR login completed successfully.
2026-09-27 08:25:05 [main] INFO  BaseLogin - ===== DOR Login Completed =====
2026-09-27 08:25:05 [main] INFO  MaterialOutwardReturnable_FC_Test - =================================================
2026-09-27 08:25:05 [main] INFO  MaterialOutwardReturnable_FC_Test - Starting Material Outward Returnable form Update test.
2026-09-27 08:25:05 [main] INFO  MaterialOutwardReturnable_FC_Test - =================================================
2026-09-27 08:25:05 [main] INFO  MaterialOutwardReturnable_FC_Test - Opening Register module.
2026-09-27 08:25:05 [main] INFO  Registers - Opening Registers module.
2026-09-27 08:25:07 [main] INFO  Registers - Registers module opened successfully.
2026-09-27 08:25:08 [main] INFO  MaterialOutwardReturnable_FC_Test - Register module opened successfully.
2026-09-27 08:25:08 [main] INFO  MaterialOutwardReturnable_FC_Test - Selecting vertical: Fulfillment Center
2026-09-27 08:25:08 [main] INFO  Registers - Selecting vertical: Fulfillment Center
2026-09-27 08:25:09 [main] INFO  Registers - Successfully selected vertical: Fulfillment Center
2026-09-27 08:25:10 [main] INFO  MaterialOutwardReturnable_FC_Test - Selecting site: BOM7
2026-09-27 08:25:10 [main] INFO  Registers - Selecting site: BOM7
2026-09-27 08:25:10 [main] INFO  Registers - Successfully selected site: BOM7
2026-09-27 08:25:10 [main] INFO  MaterialOutwardReturnable_FC_Test - Opening Material Outward Register (Returnable).
2026-09-27 08:25:10 [main] INFO  NewEntryFormFields - Opening Material Outward Register (Returnable).
2026-09-27 08:25:11 [main] INFO  NewEntryFormFields - Material Outward Register (Returnable) opened successfully.
2026-09-27 08:25:11 [main] INFO  MaterialOutwardReturnable_FC_Test - Opening View List form.
2026-09-27 08:25:11 [main] INFO  ViewListFormFields - Clicking View List.
2026-09-27 08:25:11 [main] INFO  ViewListFormFields - View List opened successfully.
2026-09-27 08:25:11 [main] INFO  MaterialOutwardReturnable_FC_Test - Clicking edit action
2026-09-27 08:25:11 [main] INFO  ViewListFormFields - Clicking form Edit.
2026-09-27 08:25:23 [main] INFO  ViewListFormFields - Form opened successfully.
2026-09-27 08:25:25 [main] INFO  MaterialOutwardReturnable_FC_Test - Starting verification of created form in View List.
2026-09-27 08:25:25 [main] INFO  ViewListFormFields - Reading Form Date from Edit page.
2026-09-27 08:25:25 [main] INFO  ViewListFormFields - View List - Form Date: [8/12/2026]
2026-09-27 08:25:25 [main] INFO  ViewListFormFields - Reading GP Number from Edit page.
2026-09-27 08:25:25 [main] INFO  ViewListFormFields - View List - GP Number: [12345]
2026-09-27 08:25:25 [main] INFO  MaterialOutwardReturnable_FC_Test - All created form details verified successfully in View List.
2026-09-27 08:25:25 [main] INFO  Base - ===== Starting Test Teardown =====
2026-09-27 08:25:25 [main] INFO  Base - Test passed: ListFormUpdateTest
2026-09-27 08:25:25 [main] INFO  Base - Closing browser.
2026-09-27 08:25:25 [main] INFO  Base - ===== Test Teardown Completed =====
2026-09-27 08:25:25 [main] INFO  Base - ===== Flushing Extent Report =====
2026-09-27 08:25:25 [main] INFO  Base - Extent Report generated successfully.
2026-09-27 08:27:03 [main] INFO  ExtentReportManager - Initializing Extent Report.
2026-09-27 08:27:03 [main] INFO  ExtentReportManager - Extent Report initialized successfully.
2026-09-27 08:27:04 [main] INFO  Utils - [TestNG] Running:
  C:\Users\dgowda\AppData\Local\JetBrains\IdeaIC2023.2\temp-testng-customsuite.xml

2026-09-27 08:27:04 [main] INFO  Base - ===== Starting Test Setup =====
2026-09-27 08:27:04 [main] INFO  Base - Initializing Chrome browser.
2026-09-27 08:27:06 [main] INFO  Base - Maximizing browser window.
2026-09-27 08:27:06 [main] INFO  Base - Opening application URL.
2026-09-27 08:27:11 [main] INFO  Base - Browser setup completed successfully.
2026-09-27 08:27:11 [main] INFO  Base - ===== Test Setup Completed =====
2026-09-27 08:27:11 [main] INFO  BaseLogin - ===== Starting DOR Login =====
2026-09-27 08:27:11 [main] INFO  BaseLogin - Entering DOR User ID.
2026-09-27 08:27:11 [main] INFO  Login - Entering User ID.
2026-09-27 08:27:12 [main] INFO  BaseLogin - Entering DOR password.
2026-09-27 08:27:12 [main] INFO  Login - Entering password.
2026-09-27 08:27:12 [main] INFO  BaseLogin - Clicking DOR Sign In button.
2026-09-27 08:27:12 [main] INFO  Login - Clicking Sign In button.
2026-09-27 08:27:12 [main] INFO  BaseLogin - DOR login completed successfully.
2026-09-27 08:27:12 [main] INFO  BaseLogin - ===== DOR Login Completed =====
2026-09-27 08:27:12 [main] INFO  MaterialOutwardReturnable_FC_Test - =================================================
2026-09-27 08:27:12 [main] INFO  MaterialOutwardReturnable_FC_Test - Starting Material Outward Returnable form Update test.
2026-09-27 08:27:12 [main] INFO  MaterialOutwardReturnable_FC_Test - =================================================
2026-09-27 08:27:12 [main] INFO  MaterialOutwardReturnable_FC_Test - Opening Register module.
2026-09-27 08:27:12 [main] INFO  Registers - Opening Registers module.
2026-09-27 08:27:14 [main] INFO  Registers - Registers module opened successfully.
2026-09-27 08:27:15 [main] INFO  MaterialOutwardReturnable_FC_Test - Register module opened successfully.
2026-09-27 08:27:15 [main] INFO  MaterialOutwardReturnable_FC_Test - Selecting vertical: Fulfillment Center
2026-09-27 08:27:15 [main] INFO  Registers - Selecting vertical: Fulfillment Center
2026-09-27 08:27:16 [main] INFO  Registers - Successfully selected vertical: Fulfillment Center
2026-09-27 08:27:17 [main] INFO  MaterialOutwardReturnable_FC_Test - Selecting site: BOM7
2026-09-27 08:27:17 [main] INFO  Registers - Selecting site: BOM7
2026-09-27 08:27:17 [main] INFO  Registers - Successfully selected site: BOM7
2026-09-27 08:27:17 [main] INFO  MaterialOutwardReturnable_FC_Test - Opening Material Outward Register (Returnable).
2026-09-27 08:27:17 [main] INFO  NewEntryFormFields - Opening Material Outward Register (Returnable).
2026-09-27 08:27:18 [main] INFO  NewEntryFormFields - Material Outward Register (Returnable) opened successfully.
2026-09-27 08:27:18 [main] INFO  MaterialOutwardReturnable_FC_Test - Opening View List form.
2026-09-27 08:27:18 [main] INFO  ViewListFormFields - Clicking View List.
2026-09-27 08:27:18 [main] INFO  ViewListFormFields - View List opened successfully.
2026-09-27 08:27:18 [main] INFO  MaterialOutwardReturnable_FC_Test - Clicking edit action
2026-09-27 08:27:18 [main] INFO  ViewListFormFields - Clicking form Edit.
2026-09-27 08:28:04 [main] INFO  ExtentReportManager - Initializing Extent Report.
2026-09-27 08:28:04 [main] INFO  ExtentReportManager - Extent Report initialized successfully.
2026-09-27 08:28:04 [main] INFO  Utils - [TestNG] Running:
  C:\Users\dgowda\AppData\Local\JetBrains\IdeaIC2023.2\temp-testng-customsuite.xml

2026-09-27 08:28:04 [main] INFO  Base - ===== Starting Test Setup =====
2026-09-27 08:28:04 [main] INFO  Base - Initializing Chrome browser.
2026-09-27 08:28:06 [main] INFO  Base - Maximizing browser window.
2026-09-27 08:28:06 [main] INFO  Base - Opening application URL.
2026-09-27 08:28:08 [main] INFO  Base - Browser setup completed successfully.
2026-09-27 08:28:08 [main] INFO  Base - ===== Test Setup Completed =====
2026-09-27 08:28:08 [main] INFO  BaseLogin - ===== Starting DOR Login =====
2026-09-27 08:28:08 [main] INFO  BaseLogin - Entering DOR User ID.
2026-09-27 08:28:08 [main] INFO  Login - Entering User ID.
2026-09-27 08:28:09 [main] INFO  BaseLogin - Entering DOR password.
2026-09-27 08:28:09 [main] INFO  Login - Entering password.
2026-09-27 08:28:09 [main] INFO  BaseLogin - Clicking DOR Sign In button.
2026-09-27 08:28:09 [main] INFO  Login - Clicking Sign In button.
2026-09-27 08:28:09 [main] INFO  BaseLogin - DOR login completed successfully.
2026-09-27 08:28:09 [main] INFO  BaseLogin - ===== DOR Login Completed =====
2026-09-27 08:28:09 [main] INFO  MaterialOutwardReturnable_FC_Test - =================================================
2026-09-27 08:28:09 [main] INFO  MaterialOutwardReturnable_FC_Test - Starting Material Outward Returnable form creation test.
2026-09-27 08:28:09 [main] INFO  MaterialOutwardReturnable_FC_Test - =================================================
2026-09-27 08:28:09 [main] INFO  MaterialOutwardReturnable_FC_Test - Opening Register module.
2026-09-27 08:28:09 [main] INFO  Registers - Opening Registers module.
2026-09-27 08:28:11 [main] INFO  Registers - Registers module opened successfully.
2026-09-27 08:28:12 [main] INFO  MaterialOutwardReturnable_FC_Test - Register module opened successfully.
2026-09-27 08:28:12 [main] INFO  MaterialOutwardReturnable_FC_Test - Selecting vertical: Fulfillment Center
2026-09-27 08:28:12 [main] INFO  Registers - Selecting vertical: Fulfillment Center
2026-09-27 08:28:13 [main] INFO  Registers - Successfully selected vertical: Fulfillment Center
2026-09-27 08:28:14 [main] INFO  MaterialOutwardReturnable_FC_Test - Selecting site: BOM7
2026-09-27 08:28:14 [main] INFO  Registers - Selecting site: BOM7
2026-09-27 08:28:14 [main] INFO  Registers - Successfully selected site: BOM7
2026-09-27 08:28:14 [main] INFO  MaterialOutwardReturnable_FC_Test - Opening Material Outward Register (Returnable).
2026-09-27 08:28:14 [main] INFO  NewEntryFormFields - Opening Material Outward Register (Returnable).
2026-09-27 08:28:14 [main] INFO  NewEntryFormFields - Material Outward Register (Returnable) opened successfully.
2026-09-27 08:28:14 [main] INFO  MaterialOutwardReturnable_FC_Test - Opening New Entry form.
2026-09-27 08:28:14 [main] INFO  NewEntryFormFields - Clicking New Entry.
2026-09-27 08:28:14 [main] INFO  NewEntryFormFields - New Entry form opened successfully.
2026-09-27 08:28:14 [main] INFO  NewEntryFormFields - Selecting form date: 12 Aug 2026
2026-09-27 08:28:17 [main] INFO  NewEntryFormFields - Form date selected successfully. Value: 8/12/2026
2026-09-27 08:28:17 [main] INFO  MaterialOutwardReturnable_FC_Test - Entering GP Number.
2026-09-27 08:28:17 [main] INFO  NewEntryFormFields - Entering GP Number: 12345
2026-09-27 08:28:18 [main] INFO  NewEntryFormFields - GP Number entered successfully.
2026-09-27 08:28:18 [main] INFO  NewEntryFormFields - Selecting date and time: 12 Oct 2026 18:30
2026-09-27 08:28:20 [main] INFO  TimePicker - Selecting time: 18:30
2026-09-27 08:28:20 [main] INFO  TimePicker - Current time: 08:28
2026-09-27 08:28:21 [main] INFO  TimePicker - Time selected successfully: 18:30
2026-09-27 08:28:21 [main] INFO  NewEntryFormFields - Date and time selected successfully.
2026-09-27 08:28:21 [main] INFO  NewEntryFormFields - Clicking Set button for date and time.
2026-09-27 08:28:22 [main] INFO  NewEntryFormFields - Date and time set successfully.
2026-09-27 08:28:22 [main] INFO  NewEntryFormFields - Entering material description.
2026-09-27 08:28:22 [main] INFO  NewEntryFormFields - Material description entered successfully.
2026-09-27 08:28:22 [main] INFO  NewEntryFormFields - Entering material denomination.
2026-09-27 08:28:22 [main] INFO  NewEntryFormFields - Material denomination entered successfully.
2026-09-27 08:28:22 [main] INFO  NewEntryFormFields - Entering material quantity.
2026-09-27 08:28:23 [main] INFO  NewEntryFormFields - Material quantity entered successfully.
2026-09-27 08:28:23 [main] INFO  NewEntryFormFields - Entering material sent to address.
2026-09-27 08:28:23 [main] INFO  NewEntryFormFields - Material sent to address entered successfully.
2026-09-27 08:28:23 [main] INFO  NewEntryFormFields - Entering authorised person's name.
2026-09-27 08:28:24 [main] INFO  NewEntryFormFields - Authorised person's name entered successfully.
2026-09-27 08:28:24 [main] INFO  MaterialOutwardReturnable_FC_Test - Opening Signature Pad 1.
2026-09-27 08:28:24 [main] INFO  NewEntryFormFields - Opening Signature Pad 1.
2026-09-27 08:28:24 [main] INFO  NewEntryFormFields - Signature Pad 1 opened successfully.
2026-09-27 08:28:24 [main] INFO  NewEntryFormFields - Waiting for signature canvas.
2026-09-27 08:28:24 [main] INFO  NewEntryFormFields - Drawing signature.
2026-09-27 08:28:25 [main] INFO  NewEntryFormFields - Signature drawn successfully.
2026-09-27 08:28:25 [main] INFO  NewEntryFormFields - Save Signature button is ready.
2026-09-27 08:28:25 [main] INFO  NewEntryFormFields - Saving signature.
2026-09-27 08:28:47 [main] INFO  NewEntryFormFields - Signature saved and signature dialog closed successfully.
2026-09-27 08:28:47 [main] INFO  NewEntryFormFields - Entering purpose.
2026-09-27 08:28:47 [main] INFO  NewEntryFormFields - Purpose entered successfully.
2026-09-27 08:28:47 [main] INFO  NewEntryFormFields - Entering in-security person's name.
2026-09-27 08:28:47 [main] INFO  NewEntryFormFields - In-security person's name entered successfully.
2026-09-27 08:28:47 [main] INFO  MaterialOutwardReturnable_FC_Test - Opening Signature Pad 2.
2026-09-27 08:28:47 [main] INFO  NewEntryFormFields - Opening Signature Pad 2.
2026-09-27 08:28:48 [main] INFO  NewEntryFormFields - Signature Pad 2 opened successfully.
2026-09-27 08:28:48 [main] INFO  NewEntryFormFields - Waiting for signature canvas.
2026-09-27 08:28:48 [main] INFO  NewEntryFormFields - Drawing signature.
2026-09-27 08:28:49 [main] INFO  NewEntryFormFields - Signature drawn successfully.
2026-09-27 08:28:49 [main] INFO  NewEntryFormFields - Save Signature button is ready.
2026-09-27 08:28:49 [main] INFO  NewEntryFormFields - Saving signature.
2026-09-27 08:29:10 [main] INFO  NewEntryFormFields - Signature saved and signature dialog closed successfully.
2026-09-27 08:29:10 [main] INFO  NewEntryFormFields - Selecting approximate date: 12 Nov 2026
2026-09-27 08:29:13 [main] INFO  NewEntryFormFields - Approximate date selected successfully. Value: 11/12/2026
2026-09-27 08:29:13 [main] INFO  NewEntryFormFields - Entering material carried person's name.
2026-09-27 08:29:13 [main] INFO  NewEntryFormFields - Material carried person's name entered successfully.
2026-09-27 08:29:13 [main] INFO  MaterialOutwardReturnable_FC_Test - Opening Signature Pad 3.
2026-09-27 08:29:13 [main] INFO  NewEntryFormFields - Opening Signature Pad 3.
2026-09-27 08:29:14 [main] INFO  NewEntryFormFields - Signature Pad 3 opened successfully.
2026-09-27 08:29:14 [main] INFO  MaterialOutwardReturnable_FC_Test - Drawing Signature 3.
2026-09-27 08:29:14 [main] INFO  NewEntryFormFields - Waiting for signature canvas.
2026-09-27 08:29:14 [main] INFO  NewEntryFormFields - Drawing signature.
2026-09-27 08:29:15 [main] INFO  NewEntryFormFields - Signature drawn successfully.
2026-09-27 08:29:15 [main] INFO  NewEntryFormFields - Save Signature button is ready.
2026-09-27 08:29:15 [main] INFO  MaterialOutwardReturnable_FC_Test - Saving Signature 3.
2026-09-27 08:29:15 [main] INFO  NewEntryFormFields - Saving signature.
2026-09-27 08:29:37 [main] INFO  NewEntryFormFields - Signature saved and signature dialog closed successfully.
2026-09-27 08:29:37 [main] INFO  MaterialOutwardReturnable_FC_Test - Signature 3 saved successfully.
2026-09-27 08:29:37 [main] INFO  NewEntryFormFields - Entering DC Number.
2026-09-27 08:29:37 [main] INFO  NewEntryFormFields - DC Number entered successfully.
2026-09-27 08:29:37 [main] INFO  MaterialOutwardReturnable_FC_Test - Selecting material return date: 9/17/2026
2026-09-27 08:29:37 [main] INFO  NewEntryFormFields - Selecting material return date: 17 Sep 2026
2026-09-27 08:29:39 [main] INFO  NewEntryFormFields - Material return date selected successfully. Value: 9/17/2026
2026-09-27 08:29:39 [main] INFO  NewEntryFormFields - Entering material return quantity.
2026-09-27 08:29:39 [main] INFO  NewEntryFormFields - Material return quantity entered successfully.
2026-09-27 08:29:39 [main] INFO  NewEntryFormFields - Entering security person's name.
2026-09-27 08:29:39 [main] INFO  NewEntryFormFields - Security person's name entered successfully.
2026-09-27 08:29:40 [main] INFO  MaterialOutwardReturnable_FC_Test - Opening Signature Pad 4.
2026-09-27 08:29:40 [main] INFO  NewEntryFormFields - Opening Signature Pad 4.
2026-09-27 08:29:40 [main] INFO  NewEntryFormFields - Signature Pad 4 opened successfully.
2026-09-27 08:29:40 [main] INFO  NewEntryFormFields - Waiting for signature canvas.
2026-09-27 08:29:40 [main] INFO  NewEntryFormFields - Drawing signature.
2026-09-27 08:29:41 [main] INFO  NewEntryFormFields - Signature drawn successfully.
2026-09-27 08:29:41 [main] INFO  NewEntryFormFields - Save Signature button is ready.
2026-09-27 08:29:41 [main] INFO  NewEntryFormFields - Saving signature.
2026-09-27 08:30:02 [main] INFO  NewEntryFormFields - Signature saved and signature dialog closed successfully.
2026-09-27 08:30:02 [main] INFO  NewEntryFormFields - Entering remarks.
2026-09-27 08:30:03 [main] INFO  NewEntryFormFields - Remarks entered successfully.
2026-09-27 08:30:03 [main] INFO  MaterialOutwardReturnable_FC_Test - Submitting Material Outward Returnable form.
2026-09-27 08:30:03 [main] INFO  NewEntryFormFields - Waiting for Continue & Save button.
2026-09-27 08:30:03 [main] INFO  NewEntryFormFields - Clicking Continue & Save.
2026-09-27 08:30:03 [main] INFO  NewEntryFormFields - Continue & Save clicked successfully.
2026-09-27 08:30:03 [main] INFO  NewEntryFormFields - Waiting for form creation success message.
2026-09-27 08:30:04 [main] INFO  NewEntryFormFields - Success message received: Form created succesfully
2026-09-27 08:30:04 [main] INFO  MaterialOutwardReturnable_FC_Test - Validating form creation message. Expected: Form created succesfully, Actual: Form created succesfully
2026-09-27 08:30:04 [main] INFO  MaterialOutwardReturnable_FC_Test - Material Outward Returnable form created successfully.
2026-09-27 08:30:04 [main] INFO  Base - ===== Starting Test Teardown =====
2026-09-27 08:30:04 [main] INFO  Base - Test passed: NewEntryFormCreateTest
2026-09-27 08:30:04 [main] INFO  Base - Closing browser.
2026-09-27 08:30:04 [main] INFO  Base - ===== Test Teardown Completed =====
2026-09-27 08:30:04 [main] INFO  Base - ===== Starting Test Setup =====
2026-09-27 08:30:04 [main] INFO  Base - Initializing Chrome browser.
2026-09-27 08:30:05 [main] INFO  Base - Maximizing browser window.
2026-09-27 08:30:06 [main] INFO  Base - Opening application URL.
2026-09-27 08:30:07 [main] INFO  Base - Browser setup completed successfully.
2026-09-27 08:30:07 [main] INFO  Base - ===== Test Setup Completed =====
2026-09-27 08:30:07 [main] INFO  BaseLogin - ===== Starting DOR Login =====
2026-09-27 08:30:07 [main] INFO  BaseLogin - Entering DOR User ID.
2026-09-27 08:30:07 [main] INFO  Login - Entering User ID.
2026-09-27 08:30:08 [main] INFO  BaseLogin - Entering DOR password.
2026-09-27 08:30:08 [main] INFO  Login - Entering password.
2026-09-27 08:30:08 [main] INFO  BaseLogin - Clicking DOR Sign In button.
2026-09-27 08:30:08 [main] INFO  Login - Clicking Sign In button.
2026-09-27 08:30:08 [main] INFO  BaseLogin - DOR login completed successfully.
2026-09-27 08:30:08 [main] INFO  BaseLogin - ===== DOR Login Completed =====
2026-09-27 08:30:08 [main] INFO  MaterialOutwardReturnable_FC_Test - =================================================
2026-09-27 08:30:08 [main] INFO  MaterialOutwardReturnable_FC_Test - Starting Material Outward Returnable form Update test.
2026-09-27 08:30:08 [main] INFO  MaterialOutwardReturnable_FC_Test - =================================================
2026-09-27 08:30:08 [main] INFO  MaterialOutwardReturnable_FC_Test - Opening Register module.
2026-09-27 08:30:08 [main] INFO  Registers - Opening Registers module.
2026-09-27 08:30:10 [main] INFO  Registers - Registers module opened successfully.
2026-09-27 08:30:11 [main] INFO  MaterialOutwardReturnable_FC_Test - Register module opened successfully.
2026-09-27 08:30:11 [main] INFO  MaterialOutwardReturnable_FC_Test - Selecting vertical: Fulfillment Center
2026-09-27 08:30:11 [main] INFO  Registers - Selecting vertical: Fulfillment Center
2026-09-27 08:30:11 [main] INFO  Registers - Successfully selected vertical: Fulfillment Center
2026-09-27 08:30:12 [main] INFO  MaterialOutwardReturnable_FC_Test - Selecting site: BOM7
2026-09-27 08:30:12 [main] INFO  Registers - Selecting site: BOM7
2026-09-27 08:30:13 [main] INFO  Registers - Successfully selected site: BOM7
2026-09-27 08:30:13 [main] INFO  MaterialOutwardReturnable_FC_Test - Opening Material Outward Register (Returnable).
2026-09-27 08:30:13 [main] INFO  NewEntryFormFields - Opening Material Outward Register (Returnable).
2026-09-27 08:30:13 [main] INFO  NewEntryFormFields - Material Outward Register (Returnable) opened successfully.
2026-09-27 08:30:13 [main] INFO  MaterialOutwardReturnable_FC_Test - Opening View List form.
2026-09-27 08:30:13 [main] INFO  ViewListFormFields - Clicking View List.
2026-09-27 08:30:13 [main] INFO  ViewListFormFields - View List opened successfully.
2026-09-27 08:30:13 [main] INFO  MaterialOutwardReturnable_FC_Test - Clicking edit action
2026-09-27 08:30:13 [main] INFO  ViewListFormFields - Clicking form Edit.
2026-09-27 08:30:14 [main] INFO  ViewListFormFields - Form opened successfully.
2026-09-27 08:30:16 [main] INFO  MaterialOutwardReturnable_FC_Test - Starting verification of created form in View List.
2026-09-27 08:30:16 [main] INFO  ViewListFormFields - Reading Form Date from Edit page.
2026-09-27 08:30:16 [main] INFO  ViewListFormFields - View List - Form Date: [8/12/2026]
2026-09-27 08:30:16 [main] INFO  ViewListFormFields - Reading GP Number from Edit page.
2026-09-27 08:30:16 [main] INFO  ViewListFormFields - View List - GP Number: [12345]
2026-09-27 08:30:16 [main] INFO  MaterialOutwardReturnable_FC_Test - All created form details verified successfully in View List.
2026-09-27 08:30:16 [main] INFO  Base - ===== Starting Test Teardown =====
2026-09-27 08:30:16 [main] INFO  Base - Test passed: ListFormUpdateTest
2026-09-27 08:30:16 [main] INFO  Base - Closing browser.
2026-09-27 08:30:16 [main] INFO  Base - ===== Test Teardown Completed =====
2026-09-27 08:30:16 [main] INFO  Base - ===== Flushing Extent Report =====
2026-09-27 08:30:17 [main] INFO  Base - Extent Report generated successfully.
2026-09-27 09:20:59 [main] INFO  ExtentReportManager - Initializing Extent Report.
2026-09-27 09:20:59 [main] INFO  ExtentReportManager - Extent Report initialized successfully.
2026-09-27 09:20:59 [main] INFO  Utils - [TestNG] Running:
  C:\Users\dgowda\AppData\Local\JetBrains\IdeaIC2023.2\temp-testng-customsuite.xml

2026-09-27 09:20:59 [main] INFO  Base - ===== Starting Test Setup =====
2026-09-27 09:20:59 [main] INFO  Base - Initializing Chrome browser.
2026-09-27 09:21:01 [main] INFO  Base - Maximizing browser window.
2026-09-27 09:21:01 [main] INFO  Base - Opening application URL.
2026-09-27 09:21:04 [main] INFO  Base - Browser setup completed successfully.
2026-09-27 09:21:04 [main] INFO  Base - ===== Test Setup Completed =====
2026-09-27 09:21:04 [main] INFO  BaseLogin - ===== Starting DOR Login =====
2026-09-27 09:21:04 [main] INFO  BaseLogin - Entering DOR User ID.
2026-09-27 09:21:04 [main] INFO  Login - Entering User ID.
2026-09-27 09:21:04 [main] INFO  BaseLogin - Entering DOR password.
2026-09-27 09:21:04 [main] INFO  Login - Entering password.
2026-09-27 09:21:05 [main] INFO  BaseLogin - Clicking DOR Sign In button.
2026-09-27 09:21:05 [main] INFO  Login - Clicking Sign In button.
2026-09-27 09:21:05 [main] INFO  BaseLogin - DOR login completed successfully.
2026-09-27 09:21:05 [main] INFO  BaseLogin - ===== DOR Login Completed =====
2026-09-27 09:21:05 [main] INFO  MaterialOutwardReturnable_FC_Test - =================================================
2026-09-27 09:21:05 [main] INFO  MaterialOutwardReturnable_FC_Test - Starting Material Outward Returnable form Update test.
2026-09-27 09:21:05 [main] INFO  MaterialOutwardReturnable_FC_Test - =================================================
2026-09-27 09:21:05 [main] INFO  MaterialOutwardReturnable_FC_Test - Opening Register module.
2026-09-27 09:21:05 [main] INFO  Registers - Opening Registers module.
2026-09-27 09:21:07 [main] INFO  Registers - Registers module opened successfully.
2026-09-27 09:21:08 [main] INFO  MaterialOutwardReturnable_FC_Test - Register module opened successfully.
2026-09-27 09:21:08 [main] INFO  MaterialOutwardReturnable_FC_Test - Selecting vertical: Fulfillment Center
2026-09-27 09:21:08 [main] INFO  Registers - Selecting vertical: Fulfillment Center
2026-09-27 09:21:08 [main] INFO  Registers - Successfully selected vertical: Fulfillment Center
2026-09-27 09:21:09 [main] INFO  MaterialOutwardReturnable_FC_Test - Selecting site: BOM7
2026-09-27 09:21:09 [main] INFO  Registers - Selecting site: BOM7
2026-09-27 09:21:10 [main] INFO  Registers - Successfully selected site: BOM7
2026-09-27 09:21:10 [main] INFO  MaterialOutwardReturnable_FC_Test - Opening Material Outward Register (Returnable).
2026-09-27 09:21:10 [main] INFO  NewEntryFormFields - Opening Material Outward Register (Returnable).
2026-09-27 09:21:10 [main] INFO  NewEntryFormFields - Material Outward Register (Returnable) opened successfully.
2026-09-27 09:21:10 [main] INFO  MaterialOutwardReturnable_FC_Test - Opening View List form.
2026-09-27 09:21:10 [main] INFO  ViewListFormFields - Clicking View List.
2026-09-27 09:21:10 [main] INFO  ViewListFormFields - View List opened successfully.
2026-09-27 09:21:10 [main] INFO  MaterialOutwardReturnable_FC_Test - Clicking edit action
2026-09-27 09:21:10 [main] INFO  ViewListFormFields - Clicking Edit Action.
2026-09-27 09:21:11 [main] INFO  ViewListFormFields - Edit button clicked successfully.
2026-09-27 09:21:13 [main] INFO  MaterialOutwardReturnable_FC_Test - Starting verification of created form in View List.
2026-09-27 09:21:13 [main] INFO  ViewListFormFields - View List - Form Date: 8/12/2026
2026-09-27 09:21:13 [main] INFO  ViewListFormFields - View List - GP Number: 12345
2026-09-27 09:21:13 [main] INFO  ViewListFormFields - View List - Date and Time: 10/12/2026, 6:30 PM
2026-09-27 09:21:13 [main] INFO  ViewListFormFields - View List - Description: Test Description
2026-09-27 09:21:14 [main] INFO  ViewListFormFields - View List - Denom: Test Denom
2026-09-27 09:21:14 [main] INFO  ViewListFormFields - View List - Quantity: 10
2026-09-27 09:21:14 [main] INFO  ViewListFormFields - View List - Material Sent To Address: Test Address
2026-09-27 09:21:14 [main] INFO  ViewListFormFields - View List - Authorised Name: Test Authorised Name
2026-09-27 09:21:14 [main] INFO  ViewListFormFields - View List - Purpose: Test Purpose
2026-09-27 09:21:14 [main] INFO  ViewListFormFields - View List - In-security Name: Test Insecurity Name
2026-09-27 09:21:14 [main] INFO  ViewListFormFields - View List - Approximate Date: 11/12/2026
2026-09-27 09:21:14 [main] INFO  ViewListFormFields - View List - Material Carried Name: Test Material Carried Name
2026-09-27 09:21:14 [main] INFO  ViewListFormFields - View List - DC Number: 12345
2026-09-27 09:21:14 [main] INFO  ViewListFormFields - View List - Material Return Date: 9/17/2026
2026-09-27 09:21:14 [main] INFO  ViewListFormFields - View List - Material Return Quantity: 5
2026-09-27 09:21:14 [main] INFO  ViewListFormFields - View List - Security Name: Test Security Name
2026-09-27 09:21:14 [main] INFO  ViewListFormFields - View List - Remarks: Test Remarks
2026-09-27 09:21:14 [main] INFO  MaterialOutwardReturnable_FC_Test - All created form details verified successfully in View List.
2026-09-27 09:21:14 [main] INFO  Base - ===== Starting Test Teardown =====
2026-09-27 09:21:14 [main] INFO  Base - Test passed: ListFormUpdateTest
2026-09-27 09:21:14 [main] INFO  Base - Closing browser.
2026-09-27 09:21:14 [main] INFO  Base - ===== Test Teardown Completed =====
2026-09-27 09:21:14 [main] INFO  Base - ===== Flushing Extent Report =====
2026-09-27 09:21:15 [main] INFO  Base - Extent Report generated successfully.
2026-09-27 09:27:53 [main] INFO  ExtentReportManager - Initializing Extent Report.
2026-09-27 09:27:53 [main] INFO  ExtentReportManager - Extent Report initialized successfully.
2026-09-27 09:27:54 [main] INFO  Utils - [TestNG] Running:
  C:\Users\dgowda\AppData\Local\JetBrains\IdeaIC2023.2\temp-testng-customsuite.xml

2026-09-27 09:27:54 [main] INFO  Base - ===== Starting Test Setup =====
2026-09-27 09:27:54 [main] INFO  Base - Initializing Chrome browser.
2026-09-27 09:27:57 [main] INFO  Base - Maximizing browser window.
2026-09-27 09:27:57 [main] INFO  Base - Opening application URL.
2026-09-27 09:27:59 [main] INFO  Base - Browser setup completed successfully.
2026-09-27 09:27:59 [main] INFO  Base - ===== Test Setup Completed =====
2026-09-27 09:27:59 [main] INFO  BaseLogin - ===== Starting DOR Login =====
2026-09-27 09:27:59 [main] INFO  BaseLogin - Entering DOR User ID.
2026-09-27 09:27:59 [main] INFO  Login - Entering User ID.
2026-09-27 09:28:00 [main] INFO  BaseLogin - Entering DOR password.
2026-09-27 09:28:00 [main] INFO  Login - Entering password.
2026-09-27 09:28:00 [main] INFO  BaseLogin - Clicking DOR Sign In button.
2026-09-27 09:28:00 [main] INFO  Login - Clicking Sign In button.
2026-09-27 09:28:01 [main] INFO  BaseLogin - DOR login completed successfully.
2026-09-27 09:28:01 [main] INFO  BaseLogin - ===== DOR Login Completed =====
2026-09-27 09:28:01 [main] INFO  MaterialOutwardReturnable_FC_Test - =================================================
2026-09-27 09:28:01 [main] INFO  MaterialOutwardReturnable_FC_Test - Starting Material Outward Returnable form Update test.
2026-09-27 09:28:01 [main] INFO  MaterialOutwardReturnable_FC_Test - =================================================
2026-09-27 09:28:01 [main] INFO  MaterialOutwardReturnable_FC_Test - Opening Register module.
2026-09-27 09:28:01 [main] INFO  Registers - Opening Registers module.
2026-09-27 09:28:03 [main] INFO  Registers - Registers module opened successfully.
2026-09-27 09:28:04 [main] INFO  MaterialOutwardReturnable_FC_Test - Register module opened successfully.
2026-09-27 09:28:04 [main] INFO  MaterialOutwardReturnable_FC_Test - Selecting vertical: Fulfillment Center
2026-09-27 09:28:04 [main] INFO  Registers - Selecting vertical: Fulfillment Center
2026-09-27 09:28:04 [main] INFO  Registers - Successfully selected vertical: Fulfillment Center
2026-09-27 09:28:05 [main] INFO  MaterialOutwardReturnable_FC_Test - Selecting site: BOM7
2026-09-27 09:28:05 [main] INFO  Registers - Selecting site: BOM7
2026-09-27 09:28:05 [main] INFO  Registers - Successfully selected site: BOM7
2026-09-27 09:28:05 [main] INFO  MaterialOutwardReturnable_FC_Test - Opening Material Outward Register (Returnable).
2026-09-27 09:28:05 [main] INFO  NewEntryFormFields - Opening Material Outward Register (Returnable).
2026-09-27 09:28:05 [main] INFO  NewEntryFormFields - Material Outward Register (Returnable) opened successfully.
2026-09-27 09:28:05 [main] INFO  MaterialOutwardReturnable_FC_Test - Opening View List form.
2026-09-27 09:28:05 [main] INFO  ViewListFormFields - Clicking View List.
2026-09-27 09:28:06 [main] INFO  ViewListFormFields - View List opened successfully.
2026-09-27 09:28:06 [main] INFO  MaterialOutwardReturnable_FC_Test - Clicking edit action
2026-09-27 09:28:06 [main] INFO  ViewListFormFields - Clicking Edit Action.
2026-09-27 09:28:07 [main] INFO  ViewListFormFields - Edit button clicked successfully.
2026-09-27 09:28:09 [main] INFO  MaterialOutwardReturnable_FC_Test - Starting verification of created form in View List.
2026-09-27 09:28:09 [main] INFO  ViewListFormFields - View List - Form Date: 8/12/2026
2026-09-27 09:28:09 [main] INFO  ViewListFormFields - View List - GP Number: 12345
2026-09-27 09:28:09 [main] INFO  ViewListFormFields - View List - Date and Time: 10/12/2026, 6:30 PM
2026-09-27 09:28:09 [main] INFO  ViewListFormFields - View List - Description: Test Description
2026-09-27 09:28:09 [main] INFO  ViewListFormFields - View List - Denom: Test Denom
2026-09-27 09:28:09 [main] INFO  ViewListFormFields - View List - Quantity: 10
2026-09-27 09:28:09 [main] INFO  ViewListFormFields - View List - Material Sent To Address: Test Address
2026-09-27 09:28:09 [main] INFO  ViewListFormFields - View List - Authorised Name: Test Authorised Name
2026-09-27 09:28:09 [main] INFO  ViewListFormFields - View List - Purpose: Test Purpose
2026-09-27 09:28:09 [main] INFO  ViewListFormFields - View List - In-security Name: Test Insecurity Name
2026-09-27 09:28:09 [main] INFO  ViewListFormFields - View List - Approximate Date: 11/12/2026
2026-09-27 09:28:09 [main] INFO  ViewListFormFields - View List - Material Carried Name: Test Material Carried Name
2026-09-27 09:28:09 [main] INFO  ViewListFormFields - View List - DC Number: 12345
2026-09-27 09:28:09 [main] INFO  ViewListFormFields - View List - Material Return Date: 9/17/2026
2026-09-27 09:28:09 [main] INFO  ViewListFormFields - View List - Material Return Quantity: 5
2026-09-27 09:28:10 [main] INFO  ViewListFormFields - View List - Security Name: Test Security Name
2026-09-27 09:28:10 [main] INFO  ViewListFormFields - View List - Remarks: Test Remarks
2026-09-27 09:28:10 [main] INFO  MaterialOutwardReturnable_FC_Test - Updating and Submitting Material Outward Returnable form.
2026-09-27 09:28:10 [main] INFO  ViewListFormFields - Waiting for Continue & Save button.
2026-09-27 09:28:10 [main] INFO  ViewListFormFields - Clicking Continue & Save.
2026-09-27 09:28:10 [main] INFO  ViewListFormFields - Continue & Save clicked successfully.
2026-09-27 09:28:10 [main] INFO  NewEntryFormFields - Waiting for form creation success message.
2026-09-27 09:28:50 [main] ERROR MaterialOutwardReturnable_FC_Test - Material Outward Returnable update test failed.
org.openqa.selenium.TimeoutException: Expected condition failed: waiting for visibility of Proxy element for: DefaultElementLocator 'By.xpath: //div[normalize-space()='Form created succesfully']'
(tried for 20 seconds with 500 milliseconds interval)
	at org.openqa.selenium.support.ui.WebDriverWait.timeoutException(WebDriverWait.java:85)
	at org.openqa.selenium.support.ui.FluentWait.until(FluentWait.java:234)
	at pages.NewEntryFormFields.getSuccessMessage(NewEntryFormFields.java:672)
	at testcases.MaterialOutwardReturnable_FC_Test.ListFormUpdateTest(MaterialOutwardReturnable_FC_Test.java:443)
	at java.base/jdk.internal.reflect.NativeMethodAccessorImpl.invoke0(Native Method)
	at java.base/jdk.internal.reflect.NativeMethodAccessorImpl.invoke(NativeMethodAccessorImpl.java:77)
	at java.base/jdk.internal.reflect.DelegatingMethodAccessorImpl.invoke(DelegatingMethodAccessorImpl.java:43)
	at java.base/java.lang.reflect.Method.invoke(Method.java:568)
	at org.testng.internal.invokers.MethodInvocationHelper.invokeMethod(MethodInvocationHelper.java:141)
	at org.testng.internal.invokers.TestInvoker.invokeMethod(TestInvoker.java:697)
	at org.testng.internal.invokers.TestInvoker.invokeTestMethod(TestInvoker.java:230)
	at org.testng.internal.invokers.MethodRunner.runInSequence(MethodRunner.java:63)
	at org.testng.internal.invokers.TestInvoker$MethodInvocationAgent.invoke(TestInvoker.java:1005)
	at org.testng.internal.invokers.TestInvoker.invokeTestMethods(TestInvoker.java:203)
	at org.testng.internal.invokers.TestMethodWorker.invokeTestMethods(TestMethodWorker.java:154)
	at org.testng.internal.invokers.TestMethodWorker.run(TestMethodWorker.java:134)
	at java.base/java.util.ArrayList.forEach(ArrayList.java:1511)
	at org.testng.TestRunner.privateRun(TestRunner.java:744)
	at org.testng.TestRunner.run(TestRunner.java:616)
	at org.testng.SuiteRunner.runTest(SuiteRunner.java:421)
	at org.testng.SuiteRunner.runSequentially(SuiteRunner.java:413)
	at org.testng.SuiteRunner.privateRun(SuiteRunner.java:373)
	at org.testng.SuiteRunner.run(SuiteRunner.java:312)
	at org.testng.SuiteRunnerWorker.runSuite(SuiteRunnerWorker.java:52)
	at org.testng.SuiteRunnerWorker.run(SuiteRunnerWorker.java:95)
	at org.testng.TestNG.runSuitesSequentially(TestNG.java:1274)
	at org.testng.TestNG.runSuitesLocally(TestNG.java:1208)
	at org.testng.TestNG.runSuites(TestNG.java:1112)
	at org.testng.TestNG.run(TestNG.java:1079)
	at com.intellij.rt.testng.IDEARemoteTestNG.run(IDEARemoteTestNG.java:66)
	at com.intellij.rt.testng.RemoteTestNGStarter.main(RemoteTestNGStarter.java:105)
Caused by: org.openqa.selenium.NoSuchElementException: no such element: Unable to locate element: {"method":"xpath","selector":"//div[normalize-space()='Form created succesfully']"}
  (Session info: chrome=153.0.8010.53)
For documentation on this error, please visit: https://www.selenium.dev/documentation/webdriver/troubleshooting/errors#nosuchelementexception
Build info: version: '4.47.0', revision: '9175ed9 9175ed94d83e87cc3abeb7c9fd91367d17849d35'
System info: os.name: 'Windows 11', os.arch: 'amd64', os.version: '10.0', java.version: '17.0.12'
Driver info: org.openqa.selenium.chrome.ChromeDriver
Command: [bf0985e0cbb5b5f9b9dcf5c3db017ddb, findElement {value=//div[normalize-space()='Form created succesfully'], using=xpath}]
Capabilities {acceptInsecureCerts: false, browserName: chrome, browserVersion: 153.0.8010.53, chrome: {chromedriverVersion: 153.0.8010.52 (78e5e45d4bb4..., userDataDir: C:\Users\dgowda\AppData\Loc...}, fedcm:accounts: true, goog:chromeOptions: {debuggerAddress: localhost:52166}, goog:processID: 17404, networkConnectionEnabled: false, pageLoadStrategy: normal, platformName: windows, proxy: Proxy(), se:cdp: ws://localhost:52166/devtoo..., se:cdpVersion: 153.0.8010.53, setWindowRect: true, strictFileInteractability: false, timeouts: {implicit: 0, pageLoad: 300000, script: 30000}, unhandledPromptBehavior: dismiss and notify, webauthn:extension:cmtgKey: true, webauthn:extension:credBlob: true, webauthn:extension:largeBlob: true, webauthn:extension:minPinLength: true, webauthn:extension:prf: true, webauthn:virtualAuthenticators: true}
Session ID: bf0985e0cbb5b5f9b9dcf5c3db017ddb
	at org.openqa.selenium.remote.ErrorCodec.decode(ErrorCodec.java:169)
	at org.openqa.selenium.remote.codec.w3c.W3CHttpResponseCodec.decode(W3CHttpResponseCodec.java:143)
	at org.openqa.selenium.remote.codec.w3c.W3CHttpResponseCodec.decode(W3CHttpResponseCodec.java:50)
	at org.openqa.selenium.remote.HttpCommandExecutor.execute(HttpCommandExecutor.java:196)
	at org.openqa.selenium.remote.service.DriverCommandExecutor.invokeExecute(DriverCommandExecutor.java:217)
	at org.openqa.selenium.remote.service.DriverCommandExecutor.execute(DriverCommandExecutor.java:175)
	at org.openqa.selenium.remote.RemoteWebDriver.execute(RemoteWebDriver.java:653)
	at org.openqa.selenium.remote.ElementLocation$ElementFinder$2.findElement(ElementLocation.java:173)
	at org.openqa.selenium.remote.ElementLocation.findElement(ElementLocation.java:60)
	at org.openqa.selenium.remote.RemoteWebDriver.findElement(RemoteWebDriver.java:417)
	at org.openqa.selenium.remote.RemoteWebDriver.findElement(RemoteWebDriver.java:411)
	at org.openqa.selenium.support.pagefactory.DefaultElementLocator.findElement(DefaultElementLocator.java:69)
	at org.openqa.selenium.support.pagefactory.internal.LocatingElementHandler.invoke(LocatingElementHandler.java:38)
	at jdk.proxy2/jdk.proxy2.$Proxy30.isDisplayed(Unknown Source)
	at org.openqa.selenium.support.ui.ExpectedConditions.elementIfVisible(ExpectedConditions.java:365)
	at org.openqa.selenium.support.ui.ExpectedConditions$10.apply(ExpectedConditions.java:351)
	at org.openqa.selenium.support.ui.ExpectedConditions$10.apply(ExpectedConditions.java:348)
	at org.openqa.selenium.support.ui.FluentWait.until(FluentWait.java:210)
	... 29 more
2026-09-27 09:28:50 [main] INFO  Base - ===== Starting Test Teardown =====
2026-09-27 09:28:50 [main] ERROR Base - Test failed: ListFormUpdateTest
2026-09-27 09:28:50 [main] ERROR Base - Test failure reason: Expected condition failed: waiting for visibility of Proxy element for: DefaultElementLocator 'By.xpath: //div[normalize-space()='Form created succesfully']'
(tried for 20 seconds with 500 milliseconds interval)
2026-09-27 09:28:50 [main] INFO  Base - Capturing failure screenshot for test: ListFormUpdateTest
2026-09-27 09:28:50 [main] INFO  ScreenshotUtil - Capturing screenshot for test: ListFormUpdateTest
2026-09-27 09:28:50 [main] INFO  ScreenshotUtil - Screenshot captured successfully: D:\AmazonProject\Mystuffs\Selenium with Java\DOR POM\test-output\screenshots\ListFormUpdateTest_27092026_092850.png
2026-09-27 09:28:50 [main] INFO  Base - Failure screenshot attached to Extent Report.
2026-09-27 09:28:50 [main] INFO  Base - Closing browser.
2026-09-27 09:28:50 [main] INFO  Base - ===== Test Teardown Completed =====
2026-09-27 09:28:50 [main] INFO  Base - ===== Flushing Extent Report =====
2026-09-27 09:28:50 [main] INFO  Base - Extent Report generated successfully.
2026-09-27 09:32:07 [main] INFO  ExtentReportManager - Initializing Extent Report.
2026-09-27 09:32:07 [main] INFO  ExtentReportManager - Extent Report initialized successfully.
2026-09-27 09:32:07 [main] INFO  Utils - [TestNG] Running:
  C:\Users\dgowda\AppData\Local\JetBrains\IdeaIC2023.2\temp-testng-customsuite.xml

2026-09-27 09:32:07 [main] INFO  Base - ===== Starting Test Setup =====
2026-09-27 09:32:07 [main] INFO  Base - Initializing Chrome browser.
2026-09-27 09:32:10 [main] INFO  Base - Maximizing browser window.
2026-09-27 09:32:10 [main] INFO  Base - Opening application URL.
2026-09-27 09:32:12 [main] INFO  Base - Browser setup completed successfully.
2026-09-27 09:32:12 [main] INFO  Base - ===== Test Setup Completed =====
2026-09-27 09:32:12 [main] INFO  BaseLogin - ===== Starting DOR Login =====
2026-09-27 09:32:12 [main] INFO  BaseLogin - Entering DOR User ID.
2026-09-27 09:32:12 [main] INFO  Login - Entering User ID.
2026-09-27 09:32:12 [main] INFO  BaseLogin - Entering DOR password.
2026-09-27 09:32:12 [main] INFO  Login - Entering password.
2026-09-27 09:32:13 [main] INFO  BaseLogin - Clicking DOR Sign In button.
2026-09-27 09:32:13 [main] INFO  Login - Clicking Sign In button.
2026-09-27 09:32:13 [main] INFO  BaseLogin - DOR login completed successfully.
2026-09-27 09:32:13 [main] INFO  BaseLogin - ===== DOR Login Completed =====
2026-09-27 09:32:13 [main] INFO  MaterialOutwardReturnable_FC_Test - =================================================
2026-09-27 09:32:13 [main] INFO  MaterialOutwardReturnable_FC_Test - Starting Material Outward Returnable form Update test.
2026-09-27 09:32:13 [main] INFO  MaterialOutwardReturnable_FC_Test - =================================================
2026-09-27 09:32:13 [main] INFO  MaterialOutwardReturnable_FC_Test - Opening Register module.
2026-09-27 09:32:13 [main] INFO  Registers - Opening Registers module.
2026-09-27 09:32:15 [main] INFO  Registers - Registers module opened successfully.
2026-09-27 09:32:16 [main] INFO  MaterialOutwardReturnable_FC_Test - Register module opened successfully.
2026-09-27 09:32:16 [main] INFO  MaterialOutwardReturnable_FC_Test - Selecting vertical: Fulfillment Center
2026-09-27 09:32:16 [main] INFO  Registers - Selecting vertical: Fulfillment Center
2026-09-27 09:32:16 [main] INFO  Registers - Successfully selected vertical: Fulfillment Center
2026-09-27 09:32:17 [main] INFO  MaterialOutwardReturnable_FC_Test - Selecting site: BOM7
2026-09-27 09:32:17 [main] INFO  Registers - Selecting site: BOM7
2026-09-27 09:32:17 [main] INFO  Registers - Successfully selected site: BOM7
2026-09-27 09:32:17 [main] INFO  MaterialOutwardReturnable_FC_Test - Opening Material Outward Register (Returnable).
2026-09-27 09:32:17 [main] INFO  NewEntryFormFields - Opening Material Outward Register (Returnable).
2026-09-27 09:32:17 [main] INFO  NewEntryFormFields - Material Outward Register (Returnable) opened successfully.
2026-09-27 09:32:17 [main] INFO  MaterialOutwardReturnable_FC_Test - Opening View List form.
2026-09-27 09:32:17 [main] INFO  ViewListFormFields - Clicking View List.
2026-09-27 09:32:18 [main] INFO  ViewListFormFields - View List opened successfully.
2026-09-27 09:32:18 [main] INFO  MaterialOutwardReturnable_FC_Test - Clicking edit action
2026-09-27 09:32:18 [main] INFO  ViewListFormFields - Clicking Edit Action.
2026-09-27 09:32:19 [main] INFO  ViewListFormFields - Edit button clicked successfully.
2026-09-27 09:32:21 [main] INFO  MaterialOutwardReturnable_FC_Test - Starting verification of created form in View List.
2026-09-27 09:32:21 [main] INFO  ViewListFormFields - View List - Form Date: 8/12/2026
2026-09-27 09:32:21 [main] INFO  ViewListFormFields - View List - GP Number: 12345
2026-09-27 09:32:21 [main] INFO  ViewListFormFields - View List - Date and Time: 10/12/2026, 6:30 PM
2026-09-27 09:32:21 [main] INFO  ViewListFormFields - View List - Description: Test Description
2026-09-27 09:32:22 [main] INFO  ViewListFormFields - View List - Denom: Test Denom
2026-09-27 09:32:22 [main] INFO  ViewListFormFields - View List - Quantity: 10
2026-09-27 09:32:22 [main] INFO  ViewListFormFields - View List - Material Sent To Address: Test Address
2026-09-27 09:32:22 [main] INFO  ViewListFormFields - View List - Authorised Name: Test Authorised Name
2026-09-27 09:32:22 [main] INFO  ViewListFormFields - View List - Purpose: Test Purpose
2026-09-27 09:32:22 [main] INFO  ViewListFormFields - View List - In-security Name: Test Insecurity Name
2026-09-27 09:32:22 [main] INFO  ViewListFormFields - View List - Approximate Date: 11/12/2026
2026-09-27 09:32:22 [main] INFO  ViewListFormFields - View List - Material Carried Name: Test Material Carried Name
2026-09-27 09:32:22 [main] INFO  ViewListFormFields - View List - DC Number: 12345
2026-09-27 09:32:22 [main] INFO  ViewListFormFields - View List - Material Return Date: 9/17/2026
2026-09-27 09:32:22 [main] INFO  ViewListFormFields - View List - Material Return Quantity: 5
2026-09-27 09:32:22 [main] INFO  ViewListFormFields - View List - Security Name: Test Security Name
2026-09-27 09:32:22 [main] INFO  ViewListFormFields - View List - Remarks: Test Remarks
2026-09-27 09:32:22 [main] INFO  MaterialOutwardReturnable_FC_Test - Updating and Submitting Material Outward Returnable form.
2026-09-27 09:32:22 [main] INFO  ViewListFormFields - Waiting for Continue & Save button.
2026-09-27 09:32:22 [main] INFO  ViewListFormFields - Clicking Continue & Save.
2026-09-27 09:32:22 [main] INFO  ViewListFormFields - Continue & Save clicked successfully.
2026-09-27 09:32:22 [main] INFO  ViewListFormFields - Waiting for form creation success message.
2026-09-27 09:32:23 [main] INFO  ViewListFormFields - Success message received: Form updated succesfully
2026-09-27 09:32:23 [main] INFO  MaterialOutwardReturnable_FC_Test - Validating form creation message. Expected: Form updated succesfully, Actual: Form updated succesfully
2026-09-27 09:32:23 [main] INFO  MaterialOutwardReturnable_FC_Test - Material Outward Returnable form created successfully.
2026-09-27 09:32:23 [main] INFO  MaterialOutwardReturnable_FC_Test - All created form details verified successfully in View List.
2026-09-27 09:32:23 [main] INFO  Base - ===== Starting Test Teardown =====
2026-09-27 09:32:23 [main] INFO  Base - Test passed: ListFormUpdateTest
2026-09-27 09:32:23 [main] INFO  Base - Closing browser.
2026-09-27 09:32:23 [main] INFO  Base - ===== Test Teardown Completed =====
2026-09-27 09:32:23 [main] INFO  Base - ===== Flushing Extent Report =====
2026-09-27 09:32:24 [main] INFO  Base - Extent Report generated successfully.
2026-09-27 09:33:19 [main] INFO  ExtentReportManager - Initializing Extent Report.
2026-09-27 09:33:19 [main] INFO  ExtentReportManager - Extent Report initialized successfully.
2026-09-27 09:33:19 [main] INFO  Utils - [TestNG] Running:
  C:\Users\dgowda\AppData\Local\JetBrains\IdeaIC2023.2\temp-testng-customsuite.xml

2026-09-27 09:33:19 [main] INFO  Base - ===== Starting Test Setup =====
2026-09-27 09:33:19 [main] INFO  Base - Initializing Chrome browser.
2026-09-27 09:33:22 [main] INFO  Base - Maximizing browser window.
2026-09-27 09:33:22 [main] INFO  Base - Opening application URL.
2026-09-27 09:33:23 [main] INFO  Base - Browser setup completed successfully.
2026-09-27 09:33:23 [main] INFO  Base - ===== Test Setup Completed =====
2026-09-27 09:33:23 [main] INFO  LoginPageTest - ===== Starting Success Login Test =====
2026-09-27 09:33:23 [main] INFO  LoginPageTest - Entering valid User ID.
2026-09-27 09:33:23 [main] INFO  Login - Entering User ID.
2026-09-27 09:33:24 [main] INFO  LoginPageTest - Entering valid password.
2026-09-27 09:33:24 [main] INFO  Login - Entering password.
2026-09-27 09:33:24 [main] INFO  LoginPageTest - Clicking Sign In button.
2026-09-27 09:33:24 [main] INFO  Login - Clicking Sign In button.
2026-09-27 09:33:25 [main] INFO  LoginPageTest - Login completed. Validating dashboard title.
2026-09-27 09:33:25 [main] INFO  LoginPageTest - Expected Title: Digitization of Registers
2026-09-27 09:33:25 [main] INFO  LoginPageTest - Actual Title: Digitization of Registers
2026-09-27 09:33:25 [main] INFO  LoginPageTest - Successful login validation completed.
2026-09-27 09:33:25 [main] INFO  LoginPageTest - ===== Success Login Test Passed =====
2026-09-27 09:33:25 [main] INFO  Base - ===== Starting Test Teardown =====
2026-09-27 09:33:25 [main] INFO  Base - Test passed: SuccessLoginTest
2026-09-27 09:33:25 [main] INFO  Base - Closing browser.
2026-09-27 09:33:25 [main] INFO  Base - ===== Test Teardown Completed =====
2026-09-27 09:33:25 [main] INFO  Base - ===== Starting Test Setup =====
2026-09-27 09:33:25 [main] INFO  Base - Initializing Chrome browser.
2026-09-27 09:33:27 [main] INFO  Base - Maximizing browser window.
2026-09-27 09:33:27 [main] INFO  Base - Opening application URL.
2026-09-27 09:33:28 [main] INFO  Base - Browser setup completed successfully.
2026-09-27 09:33:28 [main] INFO  Base - ===== Test Setup Completed =====
2026-09-27 09:33:28 [main] INFO  LoginPageTest - ===== Starting Failed Login Test =====
2026-09-27 09:33:28 [main] INFO  LoginPageTest - Entering valid User ID for failed login test.
2026-09-27 09:33:28 [main] INFO  Login - Entering User ID.
2026-09-27 09:33:29 [main] INFO  LoginPageTest - Entering invalid password for negative login test.
2026-09-27 09:33:29 [main] INFO  Login - Entering password.
2026-09-27 09:33:29 [main] INFO  LoginPageTest - Clicking Sign In button.
2026-09-27 09:33:29 [main] INFO  Login - Clicking Sign In button.
2026-09-27 09:33:29 [main] INFO  LoginPageTest - Validating invalid credentials error message.
2026-09-27 09:33:31 [main] INFO  LoginPageTest - Expected Error: Invalid credentials
2026-09-27 09:33:31 [main] INFO  LoginPageTest - Actual Error: Invalid credentials
2026-09-27 09:33:31 [main] INFO  LoginPageTest - Failed login validation completed successfully.
2026-09-27 09:33:31 [main] INFO  LoginPageTest - ===== Failed Login Test Passed =====
2026-09-27 09:33:31 [main] INFO  Base - ===== Starting Test Teardown =====
2026-09-27 09:33:31 [main] INFO  Base - Test passed: failiedLoginTest
2026-09-27 09:33:31 [main] INFO  Base - Closing browser.
2026-09-27 09:33:31 [main] INFO  Base - ===== Test Teardown Completed =====
2026-09-27 09:33:31 [main] INFO  Base - ===== Starting Test Setup =====
2026-09-27 09:33:31 [main] INFO  Base - Initializing Chrome browser.
2026-09-27 09:33:33 [main] INFO  Base - Maximizing browser window.
2026-09-27 09:33:33 [main] INFO  Base - Opening application URL.
2026-09-27 09:33:35 [main] INFO  Base - Browser setup completed successfully.
2026-09-27 09:33:35 [main] INFO  Base - ===== Test Setup Completed =====
2026-09-27 09:33:35 [main] INFO  LoginPageTest - ===== Starting Blank Password Test =====
2026-09-27 09:33:35 [main] INFO  LoginPageTest - Entering valid User ID for blank password test.
2026-09-27 09:33:35 [main] INFO  Login - Entering User ID.
2026-09-27 09:33:40 [main] INFO  LoginPageTest - Leaving password field blank.
2026-09-27 09:33:40 [main] INFO  Login - Entering password.
2026-09-27 09:33:40 [main] INFO  LoginPageTest - Clicking outside password field to trigger validation.
2026-09-27 09:33:41 [main] INFO  LoginPageTest - Validating password required error message.
2026-09-27 09:33:41 [main] INFO  LoginPageTest - Expected Error: Password is required
2026-09-27 09:33:41 [main] INFO  LoginPageTest - Actual Error: Password is required
2026-09-27 09:33:41 [main] INFO  LoginPageTest - Validating Sign In button is disabled.
2026-09-27 09:33:41 [main] INFO  LoginPageTest - Sign In button enabled status: false
2026-09-27 09:33:41 [main] INFO  LoginPageTest - Blank password validation completed successfully.
2026-09-27 09:33:41 [main] INFO  LoginPageTest - ===== Blank Password Test Passed =====
2026-09-27 09:33:41 [main] INFO  Base - ===== Starting Test Teardown =====
2026-09-27 09:33:41 [main] INFO  Base - Test passed: blankPasswordTest
2026-09-27 09:33:41 [main] INFO  Base - Closing browser.
2026-09-27 09:33:41 [main] INFO  Base - ===== Test Teardown Completed =====
2026-09-27 09:33:41 [main] INFO  Base - ===== Starting Test Setup =====
2026-09-27 09:33:41 [main] INFO  Base - Initializing Chrome browser.
2026-09-27 09:33:43 [main] INFO  Base - Maximizing browser window.
2026-09-27 09:33:43 [main] INFO  Base - Opening application URL.
2026-09-27 09:33:44 [main] INFO  Base - Browser setup completed successfully.
2026-09-27 09:33:44 [main] INFO  Base - ===== Test Setup Completed =====
2026-09-27 09:33:44 [main] INFO  BaseLogin - ===== Starting DOR Login =====
2026-09-27 09:33:44 [main] INFO  BaseLogin - Entering DOR User ID.
2026-09-27 09:33:44 [main] INFO  Login - Entering User ID.
2026-09-27 09:34:03 [main] INFO  BaseLogin - Entering DOR password.
2026-09-27 09:34:03 [main] INFO  Login - Entering password.
2026-09-27 09:34:03 [main] INFO  BaseLogin - Clicking DOR Sign In button.
2026-09-27 09:34:03 [main] INFO  Login - Clicking Sign In button.
2026-09-27 09:34:03 [main] INFO  BaseLogin - DOR login completed successfully.
2026-09-27 09:34:03 [main] INFO  BaseLogin - ===== DOR Login Completed =====
2026-09-27 09:34:03 [main] INFO  MaterialOutwardReturnable_FC_Test - =================================================
2026-09-27 09:34:03 [main] INFO  MaterialOutwardReturnable_FC_Test - Starting Material Outward Returnable form creation test.
2026-09-27 09:34:03 [main] INFO  MaterialOutwardReturnable_FC_Test - =================================================
2026-09-27 09:34:03 [main] INFO  MaterialOutwardReturnable_FC_Test - Opening Register module.
2026-09-27 09:34:03 [main] INFO  Registers - Opening Registers module.
2026-09-27 09:34:05 [main] INFO  Registers - Registers module opened successfully.
2026-09-27 09:34:06 [main] INFO  MaterialOutwardReturnable_FC_Test - Register module opened successfully.
2026-09-27 09:34:06 [main] INFO  MaterialOutwardReturnable_FC_Test - Selecting vertical: Fulfillment Center
2026-09-27 09:34:06 [main] INFO  Registers - Selecting vertical: Fulfillment Center
2026-09-27 09:34:06 [main] INFO  Registers - Successfully selected vertical: Fulfillment Center
2026-09-27 09:34:07 [main] INFO  MaterialOutwardReturnable_FC_Test - Selecting site: BOM7
2026-09-27 09:34:07 [main] INFO  Registers - Selecting site: BOM7
2026-09-27 09:34:08 [main] INFO  Registers - Successfully selected site: BOM7
2026-09-27 09:34:08 [main] INFO  MaterialOutwardReturnable_FC_Test - Opening Material Outward Register (Returnable).
2026-09-27 09:34:08 [main] INFO  NewEntryFormFields - Opening Material Outward Register (Returnable).
2026-09-27 09:34:08 [main] INFO  NewEntryFormFields - Material Outward Register (Returnable) opened successfully.
2026-09-27 09:34:08 [main] INFO  MaterialOutwardReturnable_FC_Test - Opening New Entry form.
2026-09-27 09:34:08 [main] INFO  NewEntryFormFields - Clicking New Entry.
2026-09-27 09:34:08 [main] INFO  NewEntryFormFields - New Entry form opened successfully.
2026-09-27 09:34:08 [main] INFO  NewEntryFormFields - Selecting form date: 12 Aug 2026
2026-09-27 09:34:11 [main] INFO  NewEntryFormFields - Form date selected successfully. Value: 8/12/2026
2026-09-27 09:34:11 [main] INFO  MaterialOutwardReturnable_FC_Test - Entering GP Number.
2026-09-27 09:34:11 [main] INFO  NewEntryFormFields - Entering GP Number: 12345
2026-09-27 09:34:11 [main] INFO  NewEntryFormFields - GP Number entered successfully.
2026-09-27 09:34:11 [main] INFO  NewEntryFormFields - Selecting date and time: 12 Oct 2026 18:30
2026-09-27 09:34:13 [main] INFO  TimePicker - Selecting time: 18:30
2026-09-27 09:34:13 [main] INFO  TimePicker - Current time: 09:34
2026-09-27 09:34:14 [main] INFO  TimePicker - Time selected successfully: 18:30
2026-09-27 09:34:14 [main] INFO  NewEntryFormFields - Date and time selected successfully.
2026-09-27 09:34:14 [main] INFO  NewEntryFormFields - Clicking Set button for date and time.
2026-09-27 09:34:14 [main] INFO  NewEntryFormFields - Date and time set successfully.
2026-09-27 09:34:14 [main] INFO  NewEntryFormFields - Entering material description.
2026-09-27 09:34:14 [main] INFO  NewEntryFormFields - Material description entered successfully.
2026-09-27 09:34:14 [main] INFO  NewEntryFormFields - Entering material denomination.
2026-09-27 09:34:14 [main] INFO  NewEntryFormFields - Material denomination entered successfully.
2026-09-27 09:34:14 [main] INFO  NewEntryFormFields - Entering material quantity.
2026-09-27 09:34:15 [main] INFO  NewEntryFormFields - Material quantity entered successfully.
2026-09-27 09:34:15 [main] INFO  NewEntryFormFields - Entering material sent to address.
2026-09-27 09:34:15 [main] INFO  NewEntryFormFields - Material sent to address entered successfully.
2026-09-27 09:34:15 [main] INFO  NewEntryFormFields - Entering authorised person's name.
2026-09-27 09:34:15 [main] INFO  NewEntryFormFields - Authorised person's name entered successfully.
2026-09-27 09:34:15 [main] INFO  MaterialOutwardReturnable_FC_Test - Opening Signature Pad 1.
2026-09-27 09:34:15 [main] INFO  NewEntryFormFields - Opening Signature Pad 1.
2026-09-27 09:34:16 [main] INFO  NewEntryFormFields - Signature Pad 1 opened successfully.
2026-09-27 09:34:16 [main] INFO  NewEntryFormFields - Waiting for signature canvas.
2026-09-27 09:34:16 [main] INFO  NewEntryFormFields - Drawing signature.
2026-09-27 09:34:17 [main] INFO  NewEntryFormFields - Signature drawn successfully.
2026-09-27 09:34:17 [main] INFO  NewEntryFormFields - Save Signature button is ready.
2026-09-27 09:34:17 [main] INFO  NewEntryFormFields - Saving signature.
2026-09-27 09:34:38 [main] INFO  NewEntryFormFields - Signature saved and signature dialog closed successfully.
2026-09-27 09:34:38 [main] INFO  NewEntryFormFields - Entering purpose.
2026-09-27 09:34:39 [main] INFO  NewEntryFormFields - Purpose entered successfully.
2026-09-27 09:34:39 [main] INFO  NewEntryFormFields - Entering in-security person's name.
2026-09-27 09:34:39 [main] INFO  NewEntryFormFields - In-security person's name entered successfully.
2026-09-27 09:34:39 [main] INFO  MaterialOutwardReturnable_FC_Test - Opening Signature Pad 2.
2026-09-27 09:34:39 [main] INFO  NewEntryFormFields - Opening Signature Pad 2.
2026-09-27 09:34:40 [main] INFO  NewEntryFormFields - Signature Pad 2 opened successfully.
2026-09-27 09:34:40 [main] INFO  NewEntryFormFields - Waiting for signature canvas.
2026-09-27 09:34:40 [main] INFO  NewEntryFormFields - Drawing signature.
2026-09-27 09:34:41 [main] INFO  NewEntryFormFields - Signature drawn successfully.
2026-09-27 09:34:41 [main] INFO  NewEntryFormFields - Save Signature button is ready.
2026-09-27 09:34:41 [main] INFO  NewEntryFormFields - Saving signature.
2026-09-27 09:35:02 [main] INFO  NewEntryFormFields - Signature saved and signature dialog closed successfully.
2026-09-27 09:35:02 [main] INFO  NewEntryFormFields - Selecting approximate date: 12 Nov 2026
2026-09-27 09:35:04 [main] INFO  NewEntryFormFields - Approximate date selected successfully. Value: 11/12/2026
2026-09-27 09:35:04 [main] INFO  NewEntryFormFields - Entering material carried person's name.
2026-09-27 09:35:04 [main] INFO  NewEntryFormFields - Material carried person's name entered successfully.
2026-09-27 09:35:05 [main] INFO  MaterialOutwardReturnable_FC_Test - Opening Signature Pad 3.
2026-09-27 09:35:05 [main] INFO  NewEntryFormFields - Opening Signature Pad 3.
2026-09-27 09:35:05 [main] INFO  NewEntryFormFields - Signature Pad 3 opened successfully.
2026-09-27 09:35:05 [main] INFO  MaterialOutwardReturnable_FC_Test - Drawing Signature 3.
2026-09-27 09:35:05 [main] INFO  NewEntryFormFields - Waiting for signature canvas.
2026-09-27 09:35:05 [main] INFO  NewEntryFormFields - Drawing signature.
2026-09-27 09:35:06 [main] INFO  NewEntryFormFields - Signature drawn successfully.
2026-09-27 09:35:06 [main] INFO  NewEntryFormFields - Save Signature button is ready.
2026-09-27 09:35:06 [main] INFO  MaterialOutwardReturnable_FC_Test - Saving Signature 3.
2026-09-27 09:35:06 [main] INFO  NewEntryFormFields - Saving signature.
2026-09-27 09:35:27 [main] INFO  NewEntryFormFields - Signature saved and signature dialog closed successfully.
2026-09-27 09:35:27 [main] INFO  MaterialOutwardReturnable_FC_Test - Signature 3 saved successfully.
2026-09-27 09:35:27 [main] INFO  NewEntryFormFields - Entering DC Number.
2026-09-27 09:35:27 [main] INFO  NewEntryFormFields - DC Number entered successfully.
2026-09-27 09:35:27 [main] INFO  MaterialOutwardReturnable_FC_Test - Selecting material return date: 9/17/2026
2026-09-27 09:35:27 [main] INFO  NewEntryFormFields - Selecting material return date: 17 Sep 2026
2026-09-27 09:35:29 [main] INFO  NewEntryFormFields - Material return date selected successfully. Value: 9/17/2026
2026-09-27 09:35:29 [main] INFO  NewEntryFormFields - Entering material return quantity.
2026-09-27 09:35:29 [main] INFO  NewEntryFormFields - Material return quantity entered successfully.
2026-09-27 09:35:29 [main] INFO  NewEntryFormFields - Entering security person's name.
2026-09-27 09:35:29 [main] INFO  NewEntryFormFields - Security person's name entered successfully.
2026-09-27 09:35:29 [main] INFO  MaterialOutwardReturnable_FC_Test - Opening Signature Pad 4.
2026-09-27 09:35:29 [main] INFO  NewEntryFormFields - Opening Signature Pad 4.
2026-09-27 09:35:29 [main] INFO  NewEntryFormFields - Signature Pad 4 opened successfully.
2026-09-27 09:35:29 [main] INFO  NewEntryFormFields - Waiting for signature canvas.
2026-09-27 09:35:29 [main] INFO  NewEntryFormFields - Drawing signature.
2026-09-27 09:35:30 [main] INFO  NewEntryFormFields - Signature drawn successfully.
2026-09-27 09:35:30 [main] INFO  NewEntryFormFields - Save Signature button is ready.
2026-09-27 09:35:30 [main] INFO  NewEntryFormFields - Saving signature.
2026-09-27 09:35:52 [main] INFO  NewEntryFormFields - Signature saved and signature dialog closed successfully.
2026-09-27 09:35:52 [main] INFO  NewEntryFormFields - Entering remarks.
2026-09-27 09:35:52 [main] INFO  NewEntryFormFields - Remarks entered successfully.
2026-09-27 09:35:52 [main] INFO  MaterialOutwardReturnable_FC_Test - Submitting Material Outward Returnable form.
2026-09-27 09:35:52 [main] INFO  NewEntryFormFields - Waiting for Continue & Save button.
2026-09-27 09:35:52 [main] INFO  NewEntryFormFields - Clicking Continue & Save.
2026-09-27 09:35:52 [main] INFO  NewEntryFormFields - Continue & Save clicked successfully.
2026-09-27 09:35:52 [main] INFO  NewEntryFormFields - Waiting for form creation success message.
2026-09-27 09:35:53 [main] INFO  NewEntryFormFields - Success message received: Form created succesfully
2026-09-27 09:35:53 [main] INFO  MaterialOutwardReturnable_FC_Test - Validating form creation message. Expected: Form created succesfully, Actual: Form created succesfully
2026-09-27 09:35:53 [main] INFO  MaterialOutwardReturnable_FC_Test - Material Outward Returnable form created successfully.
2026-09-27 09:35:53 [main] INFO  Base - ===== Starting Test Teardown =====
2026-09-27 09:35:53 [main] INFO  Base - Test passed: NewEntryFormCreateTest
2026-09-27 09:35:53 [main] INFO  Base - Closing browser.
2026-09-27 09:35:53 [main] INFO  Base - ===== Test Teardown Completed =====
2026-09-27 09:35:53 [main] INFO  Base - ===== Starting Test Setup =====
2026-09-27 09:35:53 [main] INFO  Base - Initializing Chrome browser.
2026-09-27 09:35:55 [main] INFO  Base - Maximizing browser window.
2026-09-27 09:35:55 [main] INFO  Base - Opening application URL.
2026-09-27 09:35:57 [main] INFO  Base - Browser setup completed successfully.
2026-09-27 09:35:57 [main] INFO  Base - ===== Test Setup Completed =====
2026-09-27 09:35:57 [main] INFO  BaseLogin - ===== Starting DOR Login =====
2026-09-27 09:35:57 [main] INFO  BaseLogin - Entering DOR User ID.
2026-09-27 09:35:57 [main] INFO  Login - Entering User ID.
2026-09-27 09:35:58 [main] INFO  BaseLogin - Entering DOR password.
2026-09-27 09:35:58 [main] INFO  Login - Entering password.
2026-09-27 09:35:58 [main] INFO  BaseLogin - Clicking DOR Sign In button.
2026-09-27 09:35:58 [main] INFO  Login - Clicking Sign In button.
2026-09-27 09:35:58 [main] INFO  BaseLogin - DOR login completed successfully.
2026-09-27 09:35:58 [main] INFO  BaseLogin - ===== DOR Login Completed =====
2026-09-27 09:35:58 [main] INFO  MaterialOutwardReturnable_FC_Test - =================================================
2026-09-27 09:35:58 [main] INFO  MaterialOutwardReturnable_FC_Test - Starting Material Outward Returnable form Update test.
2026-09-27 09:35:58 [main] INFO  MaterialOutwardReturnable_FC_Test - =================================================
2026-09-27 09:35:58 [main] INFO  MaterialOutwardReturnable_FC_Test - Opening Register module.
2026-09-27 09:35:58 [main] INFO  Registers - Opening Registers module.
2026-09-27 09:36:00 [main] INFO  Registers - Registers module opened successfully.
2026-09-27 09:36:01 [main] INFO  MaterialOutwardReturnable_FC_Test - Register module opened successfully.
2026-09-27 09:36:01 [main] INFO  MaterialOutwardReturnable_FC_Test - Selecting vertical: Fulfillment Center
2026-09-27 09:36:01 [main] INFO  Registers - Selecting vertical: Fulfillment Center
2026-09-27 09:36:01 [main] INFO  Registers - Successfully selected vertical: Fulfillment Center
2026-09-27 09:36:02 [main] INFO  MaterialOutwardReturnable_FC_Test - Selecting site: BOM7
2026-09-27 09:36:02 [main] INFO  Registers - Selecting site: BOM7
2026-09-27 09:36:02 [main] INFO  Registers - Successfully selected site: BOM7
2026-09-27 09:36:02 [main] INFO  MaterialOutwardReturnable_FC_Test - Opening Material Outward Register (Returnable).
2026-09-27 09:36:02 [main] INFO  NewEntryFormFields - Opening Material Outward Register (Returnable).
2026-09-27 09:36:03 [main] INFO  NewEntryFormFields - Material Outward Register (Returnable) opened successfully.
2026-09-27 09:36:03 [main] INFO  MaterialOutwardReturnable_FC_Test - Opening View List form.
2026-09-27 09:36:03 [main] INFO  ViewListFormFields - Clicking View List.
2026-09-27 09:36:03 [main] INFO  ViewListFormFields - View List opened successfully.
2026-09-27 09:36:03 [main] INFO  MaterialOutwardReturnable_FC_Test - Clicking edit action
2026-09-27 09:36:03 [main] INFO  ViewListFormFields - Clicking Edit Action.
2026-09-27 09:36:04 [main] INFO  ViewListFormFields - Edit button clicked successfully.
2026-09-27 09:36:06 [main] INFO  MaterialOutwardReturnable_FC_Test - Starting verification of created form in View List.
2026-09-27 09:36:06 [main] INFO  ViewListFormFields - View List - Form Date: 8/12/2026
2026-09-27 09:36:06 [main] INFO  ViewListFormFields - View List - GP Number: 12345
2026-09-27 09:36:06 [main] INFO  ViewListFormFields - View List - Date and Time: 10/12/2026, 6:30 PM
2026-09-27 09:36:06 [main] INFO  ViewListFormFields - View List - Description: Test Description
2026-09-27 09:36:06 [main] INFO  ViewListFormFields - View List - Denom: Test Denom
2026-09-27 09:36:06 [main] INFO  ViewListFormFields - View List - Quantity: 10
2026-09-27 09:36:06 [main] INFO  ViewListFormFields - View List - Material Sent To Address: Test Address
2026-09-27 09:36:06 [main] INFO  ViewListFormFields - View List - Authorised Name: Test Authorised Name
2026-09-27 09:36:06 [main] INFO  ViewListFormFields - View List - Purpose: Test Purpose
2026-09-27 09:36:06 [main] INFO  ViewListFormFields - View List - In-security Name: Test Insecurity Name
2026-09-27 09:36:06 [main] INFO  ViewListFormFields - View List - Approximate Date: 11/12/2026
2026-09-27 09:36:06 [main] INFO  ViewListFormFields - View List - Material Carried Name: Test Material Carried Name
2026-09-27 09:36:06 [main] INFO  ViewListFormFields - View List - DC Number: 12345
2026-09-27 09:36:06 [main] INFO  ViewListFormFields - View List - Material Return Date: 9/17/2026
2026-09-27 09:36:06 [main] INFO  ViewListFormFields - View List - Material Return Quantity: 5
2026-09-27 09:36:07 [main] INFO  ViewListFormFields - View List - Security Name: Test Security Name
2026-09-27 09:36:07 [main] INFO  ViewListFormFields - View List - Remarks: Test Remarks
2026-09-27 09:36:07 [main] INFO  MaterialOutwardReturnable_FC_Test - Updating and Submitting Material Outward Returnable form.
2026-09-27 09:36:07 [main] INFO  ViewListFormFields - Waiting for Continue & Save button.
2026-09-27 09:36:07 [main] INFO  ViewListFormFields - Clicking Continue & Save.
2026-09-27 09:36:07 [main] INFO  ViewListFormFields - Continue & Save clicked successfully.
2026-09-27 09:36:07 [main] INFO  ViewListFormFields - Waiting for form creation success message.
2026-09-27 09:36:07 [main] INFO  ViewListFormFields - Success message received: Form updated succesfully
2026-09-27 09:36:07 [main] INFO  MaterialOutwardReturnable_FC_Test - Validating form creation message. Expected: Form updated succesfully, Actual: Form updated succesfully
2026-09-27 09:36:07 [main] INFO  MaterialOutwardReturnable_FC_Test - Material Outward Returnable form created successfully.
2026-09-27 09:36:07 [main] INFO  MaterialOutwardReturnable_FC_Test - All created form details verified successfully in View List.
2026-09-27 09:36:07 [main] INFO  Base - ===== Starting Test Teardown =====
2026-09-27 09:36:07 [main] INFO  Base - Test passed: ListFormUpdateTest
2026-09-27 09:36:07 [main] INFO  Base - Closing browser.
2026-09-27 09:36:07 [main] INFO  Base - ===== Test Teardown Completed =====
2026-09-27 09:36:07 [main] INFO  Base - ===== Flushing Extent Report =====
2026-09-27 09:36:08 [main] INFO  Base - Extent Report generated successfully.
2026-09-27 09:37:53 [main] INFO  ExtentReportManager - Initializing Extent Report.
2026-09-27 09:37:53 [main] INFO  ExtentReportManager - Extent Report initialized successfully.
2026-09-27 09:37:53 [main] INFO  Utils - [TestNG] Running:
  C:\Users\dgowda\AppData\Local\JetBrains\IdeaIC2023.2\temp-testng-customsuite.xml

2026-09-27 09:37:53 [main] INFO  Base - ===== Starting Test Setup =====
2026-09-27 09:37:53 [main] INFO  Base - Initializing Chrome browser.
2026-09-27 09:37:56 [main] INFO  Base - Maximizing browser window.
2026-09-27 09:37:56 [main] INFO  Base - Opening application URL.
2026-09-27 09:37:57 [main] INFO  Base - Browser setup completed successfully.
2026-09-27 09:37:57 [main] INFO  Base - ===== Test Setup Completed =====
2026-09-27 09:37:57 [main] INFO  BaseLogin - ===== Starting DOR Login =====
2026-09-27 09:37:57 [main] INFO  BaseLogin - Entering DOR User ID.
2026-09-27 09:37:57 [main] INFO  Login - Entering User ID.
2026-09-27 09:37:58 [main] INFO  BaseLogin - Entering DOR password.
2026-09-27 09:37:58 [main] INFO  Login - Entering password.
2026-09-27 09:37:58 [main] INFO  BaseLogin - Clicking DOR Sign In button.
2026-09-27 09:37:58 [main] INFO  Login - Clicking Sign In button.
2026-09-27 09:37:58 [main] INFO  BaseLogin - DOR login completed successfully.
2026-09-27 09:37:58 [main] INFO  BaseLogin - ===== DOR Login Completed =====
2026-09-27 09:37:58 [main] INFO  MaterialOutwardReturnable_FC_Test - =================================================
2026-09-27 09:37:58 [main] INFO  MaterialOutwardReturnable_FC_Test - Starting Material Outward Returnable form Update test.
2026-09-27 09:37:58 [main] INFO  MaterialOutwardReturnable_FC_Test - =================================================
2026-09-27 09:37:58 [main] INFO  MaterialOutwardReturnable_FC_Test - Opening Register module.
2026-09-27 09:37:58 [main] INFO  Registers - Opening Registers module.
2026-09-27 09:38:00 [main] INFO  Registers - Registers module opened successfully.
2026-09-27 09:38:01 [main] INFO  MaterialOutwardReturnable_FC_Test - Register module opened successfully.
2026-09-27 09:38:01 [main] INFO  MaterialOutwardReturnable_FC_Test - Selecting vertical: Fulfillment Center
2026-09-27 09:38:01 [main] INFO  Registers - Selecting vertical: Fulfillment Center
2026-09-27 09:38:02 [main] INFO  Registers - Successfully selected vertical: Fulfillment Center
2026-09-27 09:38:03 [main] INFO  MaterialOutwardReturnable_FC_Test - Selecting site: BOM7
2026-09-27 09:38:03 [main] INFO  Registers - Selecting site: BOM7
2026-09-27 09:38:03 [main] INFO  Registers - Successfully selected site: BOM7
2026-09-27 09:38:03 [main] INFO  MaterialOutwardReturnable_FC_Test - Opening Material Outward Register (Returnable).
2026-09-27 09:38:03 [main] INFO  NewEntryFormFields - Opening Material Outward Register (Returnable).
2026-09-27 09:38:03 [main] INFO  NewEntryFormFields - Material Outward Register (Returnable) opened successfully.
2026-09-27 09:38:03 [main] INFO  MaterialOutwardReturnable_FC_Test - Opening View List form.
2026-09-27 09:38:03 [main] INFO  ViewListFormFields - Clicking View List.
2026-09-27 09:38:03 [main] INFO  ViewListFormFields - View List opened successfully.
2026-09-27 09:38:03 [main] INFO  MaterialOutwardReturnable_FC_Test - Clicking edit action
2026-09-27 09:38:03 [main] INFO  ViewListFormFields - Clicking Edit Action.
2026-09-27 09:38:04 [main] INFO  ViewListFormFields - Edit button clicked successfully.
2026-09-27 09:38:06 [main] INFO  MaterialOutwardReturnable_FC_Test - Starting verification of created form in View List.
2026-09-27 09:38:06 [main] INFO  ViewListFormFields - View List - Form Date: 8/12/2026
2026-09-27 09:38:06 [main] INFO  ViewListFormFields - View List - GP Number: 12345
2026-09-27 09:38:06 [main] INFO  ViewListFormFields - View List - Date and Time: 10/12/2026, 6:30 PM
2026-09-27 09:38:06 [main] INFO  ViewListFormFields - View List - Description: Test Description
2026-09-27 09:38:06 [main] INFO  ViewListFormFields - View List - Denom: Test Denom
2026-09-27 09:38:06 [main] INFO  ViewListFormFields - View List - Quantity: 10
2026-09-27 09:38:06 [main] INFO  ViewListFormFields - View List - Material Sent To Address: Test Address
2026-09-27 09:38:06 [main] INFO  ViewListFormFields - View List - Authorised Name: Test Authorised Name
2026-09-27 09:38:06 [main] INFO  ViewListFormFields - View List - Purpose: Test Purpose
2026-09-27 09:38:06 [main] INFO  ViewListFormFields - View List - In-security Name: Test Insecurity Name
2026-09-27 09:38:06 [main] INFO  ViewListFormFields - View List - Approximate Date: 11/12/2026
2026-09-27 09:38:07 [main] INFO  ViewListFormFields - View List - Material Carried Name: Test Material Carried Name
2026-09-27 09:38:07 [main] INFO  ViewListFormFields - View List - DC Number: 12345
2026-09-27 09:38:07 [main] INFO  ViewListFormFields - View List - Material Return Date: 9/17/2026
2026-09-27 09:38:07 [main] INFO  ViewListFormFields - View List - Material Return Quantity: 5
2026-09-27 09:38:07 [main] INFO  ViewListFormFields - View List - Security Name: Test Security Name
2026-09-27 09:38:07 [main] INFO  ViewListFormFields - View List - Remarks: Test Remarks
2026-09-27 09:38:07 [main] INFO  MaterialOutwardReturnable_FC_Test - Updating and Submitting Material Outward Returnable form.
2026-09-27 09:38:07 [main] INFO  ViewListFormFields - Waiting for Continue & Save button.
2026-09-27 09:38:07 [main] INFO  ViewListFormFields - Clicking Continue & Save.
2026-09-27 09:38:07 [main] INFO  ViewListFormFields - Continue & Save clicked successfully.
2026-09-27 09:38:07 [main] INFO  ViewListFormFields - Waiting for form creation success message.
2026-09-27 09:38:07 [main] INFO  ViewListFormFields - Success message received: Form updated succesfully
2026-09-27 09:38:07 [main] INFO  MaterialOutwardReturnable_FC_Test - Validating form creation message. Expected: Form updated succesfully, Actual: Form updated succesfully
2026-09-27 09:38:07 [main] INFO  Base - ===== Starting Test Teardown =====
2026-09-27 09:38:07 [main] ERROR Base - Test failed: ListFormUpdateTest
2026-09-27 09:38:07 [main] ERROR Base - Test failure reason: The following asserts failed:
	Material Return Quantity mismatch expected [6] but found [5]
2026-09-27 09:38:07 [main] INFO  Base - Capturing failure screenshot for test: ListFormUpdateTest
2026-09-27 09:38:07 [main] INFO  ScreenshotUtil - Capturing screenshot for test: ListFormUpdateTest
2026-09-27 09:38:08 [main] INFO  ScreenshotUtil - Screenshot captured successfully: D:\AmazonProject\Mystuffs\Selenium with Java\DOR POM\test-output\screenshots\ListFormUpdateTest_27092026_093807.png
2026-09-27 09:38:08 [main] INFO  Base - Failure screenshot attached to Extent Report.
2026-09-27 09:38:08 [main] INFO  Base - Closing browser.
2026-09-27 09:38:08 [main] INFO  Base - ===== Test Teardown Completed =====
2026-09-27 09:38:08 [main] INFO  Base - ===== Flushing Extent Report =====
2026-09-27 09:38:08 [main] INFO  Base - Extent Report generated successfully.
2026-09-27 10:04:05 [main] INFO  ExtentReportManager - Initializing Extent Report.
2026-09-27 10:04:06 [main] INFO  ExtentReportManager - Extent Report initialized successfully.
2026-09-27 10:04:06 [main] INFO  Utils - [TestNG] Running:
  C:\Users\dgowda\AppData\Local\JetBrains\IdeaIC2023.2\temp-testng-customsuite.xml

2026-09-27 10:04:06 [main] INFO  Base - ===== Starting Test Setup =====
2026-09-27 10:04:06 [main] INFO  Base - Initializing Chrome browser.
2026-09-27 10:04:08 [main] INFO  Base - Maximizing browser window.
2026-09-27 10:04:08 [main] INFO  Base - Opening application URL.
2026-09-27 10:04:10 [main] INFO  Base - Browser setup completed successfully.
2026-09-27 10:04:10 [main] INFO  Base - ===== Test Setup Completed =====
2026-09-27 10:04:10 [main] INFO  BaseLogin - ===== Starting DOR Login =====
2026-09-27 10:04:10 [main] INFO  BaseLogin - Entering DOR User ID.
2026-09-27 10:04:10 [main] INFO  Login - Entering User ID.
2026-09-27 10:04:11 [main] INFO  BaseLogin - Entering DOR password.
2026-09-27 10:04:11 [main] INFO  Login - Entering password.
2026-09-27 10:04:11 [main] INFO  BaseLogin - Clicking DOR Sign In button.
2026-09-27 10:04:11 [main] INFO  Login - Clicking Sign In button.
2026-09-27 10:04:11 [main] INFO  BaseLogin - DOR login completed successfully.
2026-09-27 10:04:11 [main] INFO  BaseLogin - ===== DOR Login Completed =====
2026-09-27 10:04:11 [main] INFO  MaterialOutwardReturnable_FC_Test - =================================================
2026-09-27 10:04:11 [main] INFO  MaterialOutwardReturnable_FC_Test - Starting Material Outward Returnable form creation test.
2026-09-27 10:04:11 [main] INFO  MaterialOutwardReturnable_FC_Test - =================================================
2026-09-27 10:04:11 [main] INFO  MaterialOutwardReturnable_FC_Test - Opening Register module.
2026-09-27 10:04:11 [main] INFO  Registers - Opening Registers module.
2026-09-27 10:04:13 [main] INFO  Registers - Registers module opened successfully.
2026-09-27 10:04:14 [main] INFO  MaterialOutwardReturnable_FC_Test - Register module opened successfully.
2026-09-27 10:04:14 [main] INFO  MaterialOutwardReturnable_FC_Test - Selecting vertical: Fulfillment Center
2026-09-27 10:04:14 [main] INFO  Registers - Selecting vertical: Fulfillment Center
2026-09-27 10:04:15 [main] INFO  Registers - Successfully selected vertical: Fulfillment Center
2026-09-27 10:04:16 [main] INFO  MaterialOutwardReturnable_FC_Test - Selecting site: BOM7
2026-09-27 10:04:16 [main] INFO  Registers - Selecting site: BOM7
2026-09-27 10:04:16 [main] INFO  Registers - Successfully selected site: BOM7
2026-09-27 10:04:16 [main] INFO  MaterialOutwardReturnable_FC_Test - Opening Material Outward Register (Returnable).
2026-09-27 10:04:16 [main] INFO  NewEntryFormFields - Opening Material Outward Register (Returnable).
2026-09-27 10:04:16 [main] INFO  NewEntryFormFields - Material Outward Register (Returnable) opened successfully.
2026-09-27 10:04:16 [main] INFO  MaterialOutwardReturnable_FC_Test - Selected form name confirmation
2026-09-27 10:04:16 [main] INFO  NewEntryFormFields - Waiting for form creation success message.
2026-09-27 10:04:16 [main] INFO  NewEntryFormFields - Success message received: Material Outward Register (Returnable)
2026-09-27 10:46:01 [main] INFO  MaterialOutwardReturnable_FC_Test - Opening New Entry form.
2026-09-27 10:46:01 [main] INFO  NewEntryFormFields - Clicking New Entry.
2026-09-27 10:46:10 [main] INFO  ExtentReportManager - Initializing Extent Report.
2026-09-27 10:46:10 [main] INFO  ExtentReportManager - Extent Report initialized successfully.
2026-09-27 10:46:10 [main] INFO  Utils - [TestNG] Running:
  C:\Users\dgowda\AppData\Local\JetBrains\IdeaIC2023.2\temp-testng-customsuite.xml

2026-09-27 10:46:10 [main] INFO  Base - ===== Starting Test Setup =====
2026-09-27 10:46:10 [main] INFO  Base - Initializing Chrome browser.
2026-09-27 10:46:13 [main] INFO  Base - Maximizing browser window.
2026-09-27 10:46:13 [main] INFO  Base - Opening application URL.
2026-09-27 10:46:15 [main] INFO  Base - Browser setup completed successfully.
2026-09-27 10:46:15 [main] INFO  Base - ===== Test Setup Completed =====
2026-09-27 10:46:15 [main] INFO  BaseLogin - ===== Starting DOR Login =====
2026-09-27 10:46:15 [main] INFO  BaseLogin - Entering DOR User ID.
2026-09-27 10:46:15 [main] INFO  Login - Entering User ID.
2026-09-27 10:46:16 [main] INFO  BaseLogin - Entering DOR password.
2026-09-27 10:46:16 [main] INFO  Login - Entering password.
2026-09-27 10:46:16 [main] INFO  BaseLogin - Clicking DOR Sign In button.
2026-09-27 10:46:16 [main] INFO  Login - Clicking Sign In button.
2026-09-27 10:46:16 [main] INFO  BaseLogin - DOR login completed successfully.
2026-09-27 10:46:16 [main] INFO  BaseLogin - ===== DOR Login Completed =====
2026-09-27 10:46:16 [main] INFO  MaterialOutwardReturnable_FC_Test - =================================================
2026-09-27 10:46:16 [main] INFO  MaterialOutwardReturnable_FC_Test - Starting Material Outward Returnable form creation test.
2026-09-27 10:46:16 [main] INFO  MaterialOutwardReturnable_FC_Test - =================================================
2026-09-27 10:46:16 [main] INFO  MaterialOutwardReturnable_FC_Test - Opening Register module.
2026-09-27 10:46:16 [main] INFO  Registers - Opening Registers module.
2026-09-27 10:46:17 [main] INFO  Registers - Registers module opened successfully.
2026-09-27 10:46:18 [main] INFO  MaterialOutwardReturnable_FC_Test - Register module opened successfully.
2026-09-27 10:46:18 [main] INFO  MaterialOutwardReturnable_FC_Test - Selecting vertical: Fulfillment Center
2026-09-27 10:46:18 [main] INFO  Registers - Selecting vertical: Fulfillment Center
2026-09-27 10:46:19 [main] INFO  Registers - Successfully selected vertical: Fulfillment Center
2026-09-27 10:46:20 [main] INFO  MaterialOutwardReturnable_FC_Test - Selecting site: BOM7
2026-09-27 10:46:20 [main] INFO  Registers - Selecting site: BOM7
2026-09-27 10:46:20 [main] INFO  Registers - Successfully selected site: BOM7
2026-09-27 10:46:20 [main] INFO  MaterialOutwardReturnable_FC_Test - Opening Material Outward Register (Returnable).
2026-09-27 10:46:20 [main] INFO  NewEntryFormFields - Opening Material Outward Register (Returnable).
2026-09-27 10:46:20 [main] INFO  NewEntryFormFields - Material Outward Register (Returnable) opened successfully.
2026-09-27 10:46:20 [main] INFO  MaterialOutwardReturnable_FC_Test - Selected form name confirmation
2026-09-27 10:46:20 [main] INFO  NewEntryFormFields - Waiting for form creation success message.
2026-09-27 10:47:40 [main] ERROR MaterialOutwardReturnable_FC_Test - Material Outward Returnable form creation test failed.
org.openqa.selenium.TimeoutException: Expected condition failed: waiting for visibility of Proxy element for: DefaultElementLocator 'by id or name "materialOutwardRegisterReturnable"'
(tried for 20 seconds with 500 milliseconds interval)
	at org.openqa.selenium.support.ui.WebDriverWait.timeoutException(WebDriverWait.java:85)
	at org.openqa.selenium.support.ui.FluentWait.until(FluentWait.java:234)
	at pages.NewEntryFormFields.formNameConfirmation(NewEntryFormFields.java:57)
	at testcases.MaterialOutwardReturnable_FC_Test.NewEntryFormCreateTest(MaterialOutwardReturnable_FC_Test.java:78)
	at java.base/jdk.internal.reflect.NativeMethodAccessorImpl.invoke0(Native Method)
	at java.base/jdk.internal.reflect.NativeMethodAccessorImpl.invoke(NativeMethodAccessorImpl.java:77)
	at java.base/jdk.internal.reflect.DelegatingMethodAccessorImpl.invoke(DelegatingMethodAccessorImpl.java:43)
	at java.base/java.lang.reflect.Method.invoke(Method.java:568)
	at org.testng.internal.invokers.MethodInvocationHelper.invokeMethod(MethodInvocationHelper.java:141)
	at org.testng.internal.invokers.TestInvoker.invokeMethod(TestInvoker.java:697)
	at org.testng.internal.invokers.TestInvoker.invokeTestMethod(TestInvoker.java:230)
	at org.testng.internal.invokers.MethodRunner.runInSequence(MethodRunner.java:63)
	at org.testng.internal.invokers.TestInvoker$MethodInvocationAgent.invoke(TestInvoker.java:1005)
	at org.testng.internal.invokers.TestInvoker.invokeTestMethods(TestInvoker.java:203)
	at org.testng.internal.invokers.TestMethodWorker.invokeTestMethods(TestMethodWorker.java:154)
	at org.testng.internal.invokers.TestMethodWorker.run(TestMethodWorker.java:134)
	at java.base/java.util.ArrayList.forEach(ArrayList.java:1511)
	at org.testng.TestRunner.privateRun(TestRunner.java:744)
	at org.testng.TestRunner.run(TestRunner.java:616)
	at org.testng.SuiteRunner.runTest(SuiteRunner.java:421)
	at org.testng.SuiteRunner.runSequentially(SuiteRunner.java:413)
	at org.testng.SuiteRunner.privateRun(SuiteRunner.java:373)
	at org.testng.SuiteRunner.run(SuiteRunner.java:312)
	at org.testng.SuiteRunnerWorker.runSuite(SuiteRunnerWorker.java:52)
	at org.testng.SuiteRunnerWorker.run(SuiteRunnerWorker.java:95)
	at org.testng.TestNG.runSuitesSequentially(TestNG.java:1274)
	at org.testng.TestNG.runSuitesLocally(TestNG.java:1208)
	at org.testng.TestNG.runSuites(TestNG.java:1112)
	at org.testng.TestNG.run(TestNG.java:1079)
	at com.intellij.rt.testng.IDEARemoteTestNG.run(IDEARemoteTestNG.java:66)
	at com.intellij.rt.testng.RemoteTestNGStarter.main(RemoteTestNGStarter.java:105)
Caused by: org.openqa.selenium.NoSuchElementException: no such element: Unable to locate element: {"method":"css selector","selector":"*[name='materialOutwardRegisterReturnable']"}
  (Session info: chrome=153.0.8010.53)
For documentation on this error, please visit: https://www.selenium.dev/documentation/webdriver/troubleshooting/errors#nosuchelementexception
Build info: version: '4.47.0', revision: '9175ed9 9175ed94d83e87cc3abeb7c9fd91367d17849d35'
System info: os.name: 'Windows 11', os.arch: 'amd64', os.version: '10.0', java.version: '17.0.12'
Driver info: org.openqa.selenium.chrome.ChromeDriver
Command: [5a684ef3a9939977575724d8a2ad2052, findElement {value=*[name='materialOutwardRegisterReturnable'], using=css selector}]
Capabilities {acceptInsecureCerts: false, browserName: chrome, browserVersion: 153.0.8010.53, chrome: {chromedriverVersion: 153.0.8010.52 (78e5e45d4bb4..., userDataDir: C:\Users\dgowda\AppData\Loc...}, fedcm:accounts: true, goog:chromeOptions: {debuggerAddress: localhost:59236}, goog:processID: 24912, networkConnectionEnabled: false, pageLoadStrategy: normal, platformName: windows, proxy: Proxy(), se:cdp: ws://localhost:59236/devtoo..., se:cdpVersion: 153.0.8010.53, setWindowRect: true, strictFileInteractability: false, timeouts: {implicit: 0, pageLoad: 300000, script: 30000}, unhandledPromptBehavior: dismiss and notify, webauthn:extension:cmtgKey: true, webauthn:extension:credBlob: true, webauthn:extension:largeBlob: true, webauthn:extension:minPinLength: true, webauthn:extension:prf: true, webauthn:virtualAuthenticators: true}
Session ID: 5a684ef3a9939977575724d8a2ad2052
	at org.openqa.selenium.remote.ErrorCodec.decode(ErrorCodec.java:169)
	at org.openqa.selenium.remote.codec.w3c.W3CHttpResponseCodec.decode(W3CHttpResponseCodec.java:143)
	at org.openqa.selenium.remote.codec.w3c.W3CHttpResponseCodec.decode(W3CHttpResponseCodec.java:50)
	at org.openqa.selenium.remote.HttpCommandExecutor.execute(HttpCommandExecutor.java:196)
	at org.openqa.selenium.remote.service.DriverCommandExecutor.invokeExecute(DriverCommandExecutor.java:217)
	at org.openqa.selenium.remote.service.DriverCommandExecutor.execute(DriverCommandExecutor.java:175)
	at org.openqa.selenium.remote.RemoteWebDriver.execute(RemoteWebDriver.java:653)
	at org.openqa.selenium.remote.ElementLocation$ElementFinder$2.findElement(ElementLocation.java:173)
	at org.openqa.selenium.remote.ElementLocation.findElement(ElementLocation.java:60)
	at org.openqa.selenium.remote.RemoteWebDriver.findElement(RemoteWebDriver.java:417)
	at org.openqa.selenium.remote.RemoteWebDriver.findElement(RemoteWebDriver.java:411)
	at org.openqa.selenium.By$PreW3CLocator.findElement(By.java:432)
	at org.openqa.selenium.By$ByName.findElement(By.java:238)
	at org.openqa.selenium.support.ByIdOrName.findElement(ByIdOrName.java:51)
	at org.openqa.selenium.remote.ElementLocation$ElementFinder$1.findElement(ElementLocation.java:140)
	at org.openqa.selenium.remote.ElementLocation.findElement(ElementLocation.java:82)
	at org.openqa.selenium.remote.RemoteWebDriver.findElement(RemoteWebDriver.java:417)
	at org.openqa.selenium.remote.RemoteWebDriver.findElement(RemoteWebDriver.java:411)
	at org.openqa.selenium.support.pagefactory.DefaultElementLocator.findElement(DefaultElementLocator.java:69)
	at org.openqa.selenium.support.pagefactory.internal.LocatingElementHandler.invoke(LocatingElementHandler.java:38)
	at jdk.proxy2/jdk.proxy2.$Proxy30.isDisplayed(Unknown Source)
	at org.openqa.selenium.support.ui.ExpectedConditions.elementIfVisible(ExpectedConditions.java:365)
	at org.openqa.selenium.support.ui.ExpectedConditions$10.apply(ExpectedConditions.java:351)
	at org.openqa.selenium.support.ui.ExpectedConditions$10.apply(ExpectedConditions.java:348)
	at org.openqa.selenium.support.ui.FluentWait.until(FluentWait.java:210)
	... 29 more
2026-09-27 10:47:40 [main] INFO  Base - ===== Starting Test Teardown =====
2026-09-27 10:47:40 [main] ERROR Base - Test failed: NewEntryFormCreateTest
2026-09-27 10:47:40 [main] ERROR Base - Test failure reason: Expected condition failed: waiting for visibility of Proxy element for: DefaultElementLocator 'by id or name "materialOutwardRegisterReturnable"'
(tried for 20 seconds with 500 milliseconds interval)
2026-09-27 10:47:40 [main] INFO  Base - Capturing failure screenshot for test: NewEntryFormCreateTest
2026-09-27 10:47:40 [main] INFO  ScreenshotUtil - Capturing screenshot for test: NewEntryFormCreateTest
2026-09-27 10:47:41 [main] INFO  ScreenshotUtil - Screenshot captured successfully: D:\AmazonProject\Mystuffs\Selenium with Java\DOR POM\test-output\screenshots\NewEntryFormCreateTest_27092026_104740.png
2026-09-27 10:47:41 [main] INFO  Base - Failure screenshot attached to Extent Report.
2026-09-27 10:47:41 [main] INFO  Base - Closing browser.
2026-09-27 10:47:41 [main] INFO  Base - ===== Test Teardown Completed =====
2026-09-27 10:47:41 [main] INFO  Base - ===== Flushing Extent Report =====
2026-09-27 10:47:41 [main] INFO  Base - Extent Report generated successfully.
2026-09-27 10:49:29 [main] INFO  ExtentReportManager - Initializing Extent Report.
2026-09-27 10:49:29 [main] INFO  ExtentReportManager - Extent Report initialized successfully.
2026-09-27 10:49:29 [main] INFO  Utils - [TestNG] Running:
  C:\Users\dgowda\AppData\Local\JetBrains\IdeaIC2023.2\temp-testng-customsuite.xml

2026-09-27 10:49:29 [main] INFO  Base - ===== Starting Test Setup =====
2026-09-27 10:49:29 [main] INFO  Base - Initializing Chrome browser.
2026-09-27 10:49:32 [main] INFO  Base - Maximizing browser window.
2026-09-27 10:49:32 [main] INFO  Base - Opening application URL.
2026-09-27 10:49:33 [main] INFO  Base - Browser setup completed successfully.
2026-09-27 10:49:33 [main] INFO  Base - ===== Test Setup Completed =====
2026-09-27 10:49:33 [main] INFO  BaseLogin - ===== Starting DOR Login =====
2026-09-27 10:49:33 [main] INFO  BaseLogin - Entering DOR User ID.
2026-09-27 10:49:33 [main] INFO  Login - Entering User ID.
2026-09-27 10:49:34 [main] INFO  BaseLogin - Entering DOR password.
2026-09-27 10:49:34 [main] INFO  Login - Entering password.
2026-09-27 10:49:34 [main] INFO  BaseLogin - Clicking DOR Sign In button.
2026-09-27 10:49:34 [main] INFO  Login - Clicking Sign In button.
2026-09-27 10:49:34 [main] INFO  BaseLogin - DOR login completed successfully.
2026-09-27 10:49:34 [main] INFO  BaseLogin - ===== DOR Login Completed =====
2026-09-27 10:49:34 [main] INFO  MaterialOutwardReturnable_FC_Test - =================================================
2026-09-27 10:49:34 [main] INFO  MaterialOutwardReturnable_FC_Test - Starting Material Outward Returnable form creation test.
2026-09-27 10:49:34 [main] INFO  MaterialOutwardReturnable_FC_Test - =================================================
2026-09-27 10:49:34 [main] INFO  MaterialOutwardReturnable_FC_Test - Opening Register module.
2026-09-27 10:49:34 [main] INFO  Registers - Opening Registers module.
2026-09-27 10:49:36 [main] INFO  Registers - Registers module opened successfully.
2026-09-27 10:49:37 [main] INFO  MaterialOutwardReturnable_FC_Test - Register module opened successfully.
2026-09-27 10:49:37 [main] INFO  MaterialOutwardReturnable_FC_Test - Selecting vertical: Fulfillment Center
2026-09-27 10:49:37 [main] INFO  Registers - Selecting vertical: Fulfillment Center
2026-09-27 10:49:37 [main] INFO  Registers - Successfully selected vertical: Fulfillment Center
2026-09-27 10:49:38 [main] INFO  MaterialOutwardReturnable_FC_Test - Selecting site: BOM7
2026-09-27 10:49:38 [main] INFO  Registers - Selecting site: BOM7
2026-09-27 10:49:38 [main] INFO  Registers - Successfully selected site: BOM7
2026-09-27 10:49:38 [main] INFO  MaterialOutwardReturnable_FC_Test - Opening Material Outward Register (Returnable).
2026-09-27 10:49:38 [main] INFO  NewEntryFormFields - Opening Material Outward Register (Returnable).
2026-09-27 10:49:38 [main] INFO  NewEntryFormFields - Material Outward Register (Returnable) opened successfully.
2026-09-27 10:49:38 [main] INFO  MaterialOutwardReturnable_FC_Test - Selected form name confirmation
2026-09-27 10:49:38 [main] INFO  NewEntryFormFields - Waiting for form creation success message.
2026-09-27 10:49:39 [main] INFO  NewEntryFormFields - Success message received: Material Outward Register (Returnable)
2026-09-27 10:49:39 [main] INFO  MaterialOutwardReturnable_FC_Test - Opening New Entry form.
2026-09-27 10:49:39 [main] INFO  NewEntryFormFields - Clicking New Entry.
2026-09-27 10:49:39 [main] INFO  NewEntryFormFields - New Entry form opened successfully.
2026-09-27 10:49:39 [main] INFO  MaterialOutwardReturnable_FC_Test - Selected form name confirmation Inside the selected form
2026-09-27 10:50:00 [main] INFO  NewEntryFormFields - Waiting for form creation success message.
2026-09-27 10:50:00 [main] INFO  NewEntryFormFields - Success message received: Material Outward Register (Returnable)
2026-09-27 10:50:00 [main] INFO  NewEntryFormFields - Selecting form date: 12 Aug 2026
2026-09-27 10:50:04 [main] INFO  ExtentReportManager - Initializing Extent Report.
2026-09-27 10:50:04 [main] INFO  ExtentReportManager - Extent Report initialized successfully.
2026-09-27 10:50:04 [main] INFO  Utils - [TestNG] Running:
  C:\Users\dgowda\AppData\Local\JetBrains\IdeaIC2023.2\temp-testng-customsuite.xml

2026-09-27 10:50:05 [main] INFO  Base - ===== Starting Test Setup =====
2026-09-27 10:50:05 [main] INFO  Base - Initializing Chrome browser.
2026-09-27 10:50:07 [main] INFO  Base - Maximizing browser window.
2026-09-27 10:50:07 [main] INFO  Base - Opening application URL.
2026-09-27 10:50:09 [main] INFO  Base - Browser setup completed successfully.
2026-09-27 10:50:09 [main] INFO  Base - ===== Test Setup Completed =====
2026-09-27 10:50:09 [main] INFO  BaseLogin - ===== Starting DOR Login =====
2026-09-27 10:50:09 [main] INFO  BaseLogin - Entering DOR User ID.
2026-09-27 10:50:09 [main] INFO  Login - Entering User ID.
2026-09-27 10:50:09 [main] INFO  BaseLogin - Entering DOR password.
2026-09-27 10:50:09 [main] INFO  Login - Entering password.
2026-09-27 10:50:10 [main] INFO  BaseLogin - Clicking DOR Sign In button.
2026-09-27 10:50:10 [main] INFO  Login - Clicking Sign In button.
2026-09-27 10:50:10 [main] INFO  BaseLogin - DOR login completed successfully.
2026-09-27 10:50:10 [main] INFO  BaseLogin - ===== DOR Login Completed =====
2026-09-27 10:50:10 [main] INFO  MaterialOutwardReturnable_FC_Test - =================================================
2026-09-27 10:50:10 [main] INFO  MaterialOutwardReturnable_FC_Test - Starting Material Outward Returnable form creation test.
2026-09-27 10:50:10 [main] INFO  MaterialOutwardReturnable_FC_Test - =================================================
2026-09-27 10:50:10 [main] INFO  MaterialOutwardReturnable_FC_Test - Opening Register module.
2026-09-27 10:50:10 [main] INFO  Registers - Opening Registers module.
2026-09-27 10:50:11 [main] INFO  Registers - Registers module opened successfully.
2026-09-27 10:50:12 [main] INFO  MaterialOutwardReturnable_FC_Test - Register module opened successfully.
2026-09-27 10:50:12 [main] INFO  MaterialOutwardReturnable_FC_Test - Selecting vertical: Fulfillment Center
2026-09-27 10:50:12 [main] INFO  Registers - Selecting vertical: Fulfillment Center
2026-09-27 10:50:13 [main] INFO  Registers - Successfully selected vertical: Fulfillment Center
2026-09-27 10:50:14 [main] INFO  MaterialOutwardReturnable_FC_Test - Selecting site: BOM7
2026-09-27 10:50:14 [main] INFO  Registers - Selecting site: BOM7
2026-09-27 10:50:14 [main] INFO  Registers - Successfully selected site: BOM7
2026-09-27 10:50:14 [main] INFO  MaterialOutwardReturnable_FC_Test - Opening Material Outward Register (Returnable).
2026-09-27 10:50:14 [main] INFO  NewEntryFormFields - Opening Material Outward Register (Returnable).
2026-09-27 10:50:15 [main] INFO  NewEntryFormFields - Material Outward Register (Returnable) opened successfully.
2026-09-27 10:50:15 [main] INFO  MaterialOutwardReturnable_FC_Test - Selected form name confirmation
2026-09-27 10:50:15 [main] INFO  NewEntryFormFields - Waiting for form creation success message.
2026-09-27 10:50:15 [main] INFO  NewEntryFormFields - Success message received: Material Outward Register (Returnable)
2026-09-27 10:50:15 [main] INFO  MaterialOutwardReturnable_FC_Test - Opening New Entry form.
2026-09-27 10:50:15 [main] INFO  NewEntryFormFields - Clicking New Entry.
2026-09-27 10:50:15 [main] INFO  NewEntryFormFields - New Entry form opened successfully.
2026-09-27 10:50:15 [main] INFO  MaterialOutwardReturnable_FC_Test - Selected form name confirmation Inside the selected form
2026-09-27 10:50:15 [main] INFO  NewEntryFormFields - Waiting for form creation success message.
2026-09-27 10:50:15 [main] INFO  NewEntryFormFields - Success message received: Material Outward Register (Returnable)
2026-09-27 10:51:19 [main] INFO  NewEntryFormFields - Selecting form date: 12 Aug 2026
2026-09-27 10:51:23 [main] INFO  ExtentReportManager - Initializing Extent Report.
2026-09-27 10:51:23 [main] INFO  ExtentReportManager - Extent Report initialized successfully.
2026-09-27 10:51:23 [main] INFO  Utils - [TestNG] Running:
  C:\Users\dgowda\AppData\Local\JetBrains\IdeaIC2023.2\temp-testng-customsuite.xml

2026-09-27 10:51:23 [main] INFO  Base - ===== Starting Test Setup =====
2026-09-27 10:51:23 [main] INFO  Base - Initializing Chrome browser.
2026-09-27 10:51:25 [main] INFO  Base - Maximizing browser window.
2026-09-27 10:51:26 [main] INFO  Base - Opening application URL.
2026-09-27 10:51:27 [main] INFO  Base - Browser setup completed successfully.
2026-09-27 10:51:27 [main] INFO  Base - ===== Test Setup Completed =====
2026-09-27 10:51:27 [main] INFO  BaseLogin - ===== Starting DOR Login =====
2026-09-27 10:51:27 [main] INFO  BaseLogin - Entering DOR User ID.
2026-09-27 10:51:27 [main] INFO  Login - Entering User ID.
2026-09-27 10:51:28 [main] INFO  BaseLogin - Entering DOR password.
2026-09-27 10:51:28 [main] INFO  Login - Entering password.
2026-09-27 10:51:28 [main] INFO  BaseLogin - Clicking DOR Sign In button.
2026-09-27 10:51:28 [main] INFO  Login - Clicking Sign In button.
2026-09-27 10:51:28 [main] INFO  BaseLogin - DOR login completed successfully.
2026-09-27 10:51:28 [main] INFO  BaseLogin - ===== DOR Login Completed =====
2026-09-27 10:51:28 [main] INFO  MaterialOutwardReturnable_FC_Test - =================================================
2026-09-27 10:51:28 [main] INFO  MaterialOutwardReturnable_FC_Test - Starting Material Outward Returnable form creation test.
2026-09-27 10:51:28 [main] INFO  MaterialOutwardReturnable_FC_Test - =================================================
2026-09-27 10:51:28 [main] INFO  MaterialOutwardReturnable_FC_Test - Opening Register module.
2026-09-27 10:51:28 [main] INFO  Registers - Opening Registers module.
2026-09-27 10:51:30 [main] INFO  Registers - Registers module opened successfully.
2026-09-27 10:51:31 [main] INFO  MaterialOutwardReturnable_FC_Test - Register module opened successfully.
2026-09-27 10:51:31 [main] INFO  MaterialOutwardReturnable_FC_Test - Selecting vertical: Fulfillment Center
2026-09-27 10:51:31 [main] INFO  Registers - Selecting vertical: Fulfillment Center
2026-09-27 10:51:32 [main] INFO  Registers - Successfully selected vertical: Fulfillment Center
2026-09-27 10:51:33 [main] INFO  MaterialOutwardReturnable_FC_Test - Selecting site: BOM7
2026-09-27 10:51:33 [main] INFO  Registers - Selecting site: BOM7
2026-09-27 10:51:33 [main] INFO  Registers - Successfully selected site: BOM7
2026-09-27 10:51:33 [main] INFO  MaterialOutwardReturnable_FC_Test - Opening Material Outward Register (Returnable).
2026-09-27 10:51:33 [main] INFO  NewEntryFormFields - Opening Material Outward Register (Returnable).
2026-09-27 10:51:33 [main] INFO  NewEntryFormFields - Material Outward Register (Returnable) opened successfully.
2026-09-27 10:51:33 [main] INFO  MaterialOutwardReturnable_FC_Test - Selected form name confirmation
2026-09-27 10:51:33 [main] INFO  NewEntryFormFields - Waiting for form creation success message.
2026-09-27 10:51:33 [main] INFO  NewEntryFormFields - Success message received: Material Outward Register (Returnable)
2026-09-27 10:51:33 [main] INFO  MaterialOutwardReturnable_FC_Test - Opening New Entry form.
2026-09-27 10:51:33 [main] INFO  NewEntryFormFields - Clicking New Entry.
2026-09-27 10:51:33 [main] INFO  NewEntryFormFields - New Entry form opened successfully.
2026-09-27 10:51:33 [main] INFO  MaterialOutwardReturnable_FC_Test - Selected form name confirmation Inside the selected form
2026-09-27 10:51:33 [main] INFO  NewEntryFormFields - Waiting for form creation success message.
2026-09-27 10:51:33 [main] INFO  NewEntryFormFields - Success message received: Material Outward Register (Returnable)
2026-09-27 12:41:22 [main] INFO  NewEntryFormFields - Selecting form date: 12 Aug 2026
2026-09-27 12:41:22 [main] ERROR MaterialOutwardReturnable_FC_Test - Material Outward Returnable form creation test failed.
org.openqa.selenium.NoSuchSessionException: invalid session id
Build info: version: '4.47.0', revision: '9175ed9 9175ed94d83e87cc3abeb7c9fd91367d17849d35'
System info: os.name: 'Windows 11', os.arch: 'amd64', os.version: '10.0', java.version: '17.0.12'
Driver info: org.openqa.selenium.chrome.ChromeDriver
Command: [ce61a5f18595fafcdb488bbbeb2503e0, findElement {value=//input[@name='date'], using=xpath}]
Capabilities {acceptInsecureCerts: false, browserName: chrome, browserVersion: 153.0.8010.53, chrome: {chromedriverVersion: 153.0.8010.52 (78e5e45d4bb4..., userDataDir: C:\Users\dgowda\AppData\Loc...}, fedcm:accounts: true, goog:chromeOptions: {debuggerAddress: localhost:64480}, goog:processID: 4692, networkConnectionEnabled: false, pageLoadStrategy: normal, platformName: windows, proxy: Proxy(), se:cdp: ws://localhost:64480/devtoo..., se:cdpVersion: 153.0.8010.53, setWindowRect: true, strictFileInteractability: false, timeouts: {implicit: 0, pageLoad: 300000, script: 30000}, unhandledPromptBehavior: dismiss and notify, webauthn:extension:cmtgKey: true, webauthn:extension:credBlob: true, webauthn:extension:largeBlob: true, webauthn:extension:minPinLength: true, webauthn:extension:prf: true, webauthn:virtualAuthenticators: true}
Session ID: ce61a5f18595fafcdb488bbbeb2503e0
	at org.openqa.selenium.remote.ErrorCodec.decode(ErrorCodec.java:169)
	at org.openqa.selenium.remote.codec.w3c.W3CHttpResponseCodec.decode(W3CHttpResponseCodec.java:143)
	at org.openqa.selenium.remote.codec.w3c.W3CHttpResponseCodec.decode(W3CHttpResponseCodec.java:50)
	at org.openqa.selenium.remote.HttpCommandExecutor.execute(HttpCommandExecutor.java:196)
	at org.openqa.selenium.remote.service.DriverCommandExecutor.invokeExecute(DriverCommandExecutor.java:217)
	at org.openqa.selenium.remote.service.DriverCommandExecutor.execute(DriverCommandExecutor.java:175)
	at org.openqa.selenium.remote.RemoteWebDriver.execute(RemoteWebDriver.java:653)
	at org.openqa.selenium.remote.ElementLocation$ElementFinder$2.findElement(ElementLocation.java:173)
	at org.openqa.selenium.remote.ElementLocation.findElement(ElementLocation.java:60)
	at org.openqa.selenium.remote.RemoteWebDriver.findElement(RemoteWebDriver.java:417)
	at org.openqa.selenium.remote.RemoteWebDriver.findElement(RemoteWebDriver.java:411)
	at org.openqa.selenium.support.pagefactory.DefaultElementLocator.findElement(DefaultElementLocator.java:69)
	at org.openqa.selenium.support.pagefactory.internal.LocatingElementHandler.invoke(LocatingElementHandler.java:38)
	at jdk.proxy2/jdk.proxy2.$Proxy30.isDisplayed(Unknown Source)
	at org.openqa.selenium.support.ui.ExpectedConditions$23.apply(ExpectedConditions.java:793)
	at org.openqa.selenium.support.ui.ExpectedConditions$23.apply(ExpectedConditions.java:786)
	at org.openqa.selenium.support.ui.FluentWait.until(FluentWait.java:210)
	at pages.NewEntryFormFields.selectDate(NewEntryFormFields.java:87)
	at testcases.MaterialOutwardReturnable_FC_Test.NewEntryFormCreateTest(MaterialOutwardReturnable_FC_Test.java:101)
	at java.base/jdk.internal.reflect.NativeMethodAccessorImpl.invoke0(Native Method)
	at java.base/jdk.internal.reflect.NativeMethodAccessorImpl.invoke(NativeMethodAccessorImpl.java:77)
	at java.base/jdk.internal.reflect.DelegatingMethodAccessorImpl.invoke(DelegatingMethodAccessorImpl.java:43)
	at java.base/java.lang.reflect.Method.invoke(Method.java:568)
	at org.testng.internal.invokers.MethodInvocationHelper.invokeMethod(MethodInvocationHelper.java:141)
	at org.testng.internal.invokers.TestInvoker.invokeMethod(TestInvoker.java:697)
	at org.testng.internal.invokers.TestInvoker.invokeTestMethod(TestInvoker.java:230)
	at org.testng.internal.invokers.MethodRunner.runInSequence(MethodRunner.java:63)
	at org.testng.internal.invokers.TestInvoker$MethodInvocationAgent.invoke(TestInvoker.java:1005)
	at org.testng.internal.invokers.TestInvoker.invokeTestMethods(TestInvoker.java:203)
	at org.testng.internal.invokers.TestMethodWorker.invokeTestMethods(TestMethodWorker.java:154)
	at org.testng.internal.invokers.TestMethodWorker.run(TestMethodWorker.java:134)
	at java.base/java.util.ArrayList.forEach(ArrayList.java:1511)
	at org.testng.TestRunner.privateRun(TestRunner.java:744)
	at org.testng.TestRunner.run(TestRunner.java:616)
	at org.testng.SuiteRunner.runTest(SuiteRunner.java:421)
	at org.testng.SuiteRunner.runSequentially(SuiteRunner.java:413)
	at org.testng.SuiteRunner.privateRun(SuiteRunner.java:373)
	at org.testng.SuiteRunner.run(SuiteRunner.java:312)
	at org.testng.SuiteRunnerWorker.runSuite(SuiteRunnerWorker.java:52)
	at org.testng.SuiteRunnerWorker.run(SuiteRunnerWorker.java:95)
	at org.testng.TestNG.runSuitesSequentially(TestNG.java:1274)
	at org.testng.TestNG.runSuitesLocally(TestNG.java:1208)
	at org.testng.TestNG.runSuites(TestNG.java:1112)
	at org.testng.TestNG.run(TestNG.java:1079)
	at com.intellij.rt.testng.IDEARemoteTestNG.run(IDEARemoteTestNG.java:66)
	at com.intellij.rt.testng.RemoteTestNGStarter.main(RemoteTestNGStarter.java:105)
2026-09-27 12:41:22 [main] INFO  Base - ===== Starting Test Teardown =====
2026-09-27 12:41:22 [main] ERROR Base - Test failed: NewEntryFormCreateTest
2026-09-27 12:41:22 [main] ERROR Base - Test failure reason: invalid session id
Build info: version: '4.47.0', revision: '9175ed9 9175ed94d83e87cc3abeb7c9fd91367d17849d35'
System info: os.name: 'Windows 11', os.arch: 'amd64', os.version: '10.0', java.version: '17.0.12'
Driver info: org.openqa.selenium.chrome.ChromeDriver
Command: [ce61a5f18595fafcdb488bbbeb2503e0, findElement {value=//input[@name='date'], using=xpath}]
Capabilities {acceptInsecureCerts: false, browserName: chrome, browserVersion: 153.0.8010.53, chrome: {chromedriverVersion: 153.0.8010.52 (78e5e45d4bb4..., userDataDir: C:\Users\dgowda\AppData\Loc...}, fedcm:accounts: true, goog:chromeOptions: {debuggerAddress: localhost:64480}, goog:processID: 4692, networkConnectionEnabled: false, pageLoadStrategy: normal, platformName: windows, proxy: Proxy(), se:cdp: ws://localhost:64480/devtoo..., se:cdpVersion: 153.0.8010.53, setWindowRect: true, strictFileInteractability: false, timeouts: {implicit: 0, pageLoad: 300000, script: 30000}, unhandledPromptBehavior: dismiss and notify, webauthn:extension:cmtgKey: true, webauthn:extension:credBlob: true, webauthn:extension:largeBlob: true, webauthn:extension:minPinLength: true, webauthn:extension:prf: true, webauthn:virtualAuthenticators: true}
Session ID: ce61a5f18595fafcdb488bbbeb2503e0
2026-09-27 12:41:22 [main] INFO  Base - Capturing failure screenshot for test: NewEntryFormCreateTest
2026-09-27 12:41:22 [main] INFO  ScreenshotUtil - Capturing screenshot for test: NewEntryFormCreateTest
2026-09-27 12:41:22 [main] ERROR ScreenshotUtil - Unexpected error while capturing screenshot for test: NewEntryFormCreateTest
org.openqa.selenium.NoSuchSessionException: invalid session id
Build info: version: '4.47.0', revision: '9175ed9 9175ed94d83e87cc3abeb7c9fd91367d17849d35'
System info: os.name: 'Windows 11', os.arch: 'amd64', os.version: '10.0', java.version: '17.0.12'
Driver info: org.openqa.selenium.chrome.ChromeDriver
Command: [ce61a5f18595fafcdb488bbbeb2503e0, screenshot {}]
Capabilities {acceptInsecureCerts: false, browserName: chrome, browserVersion: 153.0.8010.53, chrome: {chromedriverVersion: 153.0.8010.52 (78e5e45d4bb4..., userDataDir: C:\Users\dgowda\AppData\Loc...}, fedcm:accounts: true, goog:chromeOptions: {debuggerAddress: localhost:64480}, goog:processID: 4692, networkConnectionEnabled: false, pageLoadStrategy: normal, platformName: windows, proxy: Proxy(), se:cdp: ws://localhost:64480/devtoo..., se:cdpVersion: 153.0.8010.53, setWindowRect: true, strictFileInteractability: false, timeouts: {implicit: 0, pageLoad: 300000, script: 30000}, unhandledPromptBehavior: dismiss and notify, webauthn:extension:cmtgKey: true, webauthn:extension:credBlob: true, webauthn:extension:largeBlob: true, webauthn:extension:minPinLength: true, webauthn:extension:prf: true, webauthn:virtualAuthenticators: true}
Session ID: ce61a5f18595fafcdb488bbbeb2503e0
	at org.openqa.selenium.remote.ErrorCodec.decode(ErrorCodec.java:169)
	at org.openqa.selenium.remote.codec.w3c.W3CHttpResponseCodec.decode(W3CHttpResponseCodec.java:143)
	at org.openqa.selenium.remote.codec.w3c.W3CHttpResponseCodec.decode(W3CHttpResponseCodec.java:50)
	at org.openqa.selenium.remote.HttpCommandExecutor.execute(HttpCommandExecutor.java:196)
	at org.openqa.selenium.remote.service.DriverCommandExecutor.invokeExecute(DriverCommandExecutor.java:217)
	at org.openqa.selenium.remote.service.DriverCommandExecutor.execute(DriverCommandExecutor.java:175)
	at org.openqa.selenium.remote.RemoteWebDriver.execute(RemoteWebDriver.java:653)
	at org.openqa.selenium.remote.RemoteWebDriver.execute(RemoteWebDriver.java:735)
	at org.openqa.selenium.remote.RemoteWebDriver.execute(RemoteWebDriver.java:739)
	at org.openqa.selenium.remote.RemoteWebDriver.getScreenshotAs(RemoteWebDriver.java:383)
	at utilities.ScreenshotUtil.takeScreenshot(ScreenshotUtil.java:60)
	at base.Base.teardown(Base.java:110)
	at java.base/jdk.internal.reflect.NativeMethodAccessorImpl.invoke0(Native Method)
	at java.base/jdk.internal.reflect.NativeMethodAccessorImpl.invoke(NativeMethodAccessorImpl.java:77)
	at java.base/jdk.internal.reflect.DelegatingMethodAccessorImpl.invoke(DelegatingMethodAccessorImpl.java:43)
	at java.base/java.lang.reflect.Method.invoke(Method.java:568)
	at org.testng.internal.invokers.MethodInvocationHelper.invokeMethod(MethodInvocationHelper.java:141)
	at org.testng.internal.invokers.MethodInvocationHelper.invokeMethodConsideringTimeout(MethodInvocationHelper.java:71)
	at org.testng.internal.invokers.ConfigInvoker.invokeConfigurationMethod(ConfigInvoker.java:400)
	at org.testng.internal.invokers.ConfigInvoker.invokeConfigurations(ConfigInvoker.java:333)
	at org.testng.internal.invokers.TestInvoker.runConfigMethods(TestInvoker.java:846)
	at org.testng.internal.invokers.TestInvoker.runAfterConfigurations(TestInvoker.java:815)
	at org.testng.internal.invokers.TestInvoker.invokeMethod(TestInvoker.java:791)
	at org.testng.internal.invokers.TestInvoker.invokeTestMethod(TestInvoker.java:230)
	at org.testng.internal.invokers.MethodRunner.runInSequence(MethodRunner.java:63)
	at org.testng.internal.invokers.TestInvoker$MethodInvocationAgent.invoke(TestInvoker.java:1005)
	at org.testng.internal.invokers.TestInvoker.invokeTestMethods(TestInvoker.java:203)
	at org.testng.internal.invokers.TestMethodWorker.invokeTestMethods(TestMethodWorker.java:154)
	at org.testng.internal.invokers.TestMethodWorker.run(TestMethodWorker.java:134)
	at java.base/java.util.ArrayList.forEach(ArrayList.java:1511)
	at org.testng.TestRunner.privateRun(TestRunner.java:744)
	at org.testng.TestRunner.run(TestRunner.java:616)
	at org.testng.SuiteRunner.runTest(SuiteRunner.java:421)
	at org.testng.SuiteRunner.runSequentially(SuiteRunner.java:413)
	at org.testng.SuiteRunner.privateRun(SuiteRunner.java:373)
	at org.testng.SuiteRunner.run(SuiteRunner.java:312)
	at org.testng.SuiteRunnerWorker.runSuite(SuiteRunnerWorker.java:52)
	at org.testng.SuiteRunnerWorker.run(SuiteRunnerWorker.java:95)
	at org.testng.TestNG.runSuitesSequentially(TestNG.java:1274)
	at org.testng.TestNG.runSuitesLocally(TestNG.java:1208)
	at org.testng.TestNG.runSuites(TestNG.java:1112)
	at org.testng.TestNG.run(TestNG.java:1079)
	at com.intellij.rt.testng.IDEARemoteTestNG.run(IDEARemoteTestNG.java:66)
	at com.intellij.rt.testng.RemoteTestNGStarter.main(RemoteTestNGStarter.java:105)
2026-09-27 12:41:22 [main] ERROR Base - Error occurred during test teardown.
java.lang.RuntimeException: Unexpected error while capturing screenshot for: NewEntryFormCreateTest
	at utilities.ScreenshotUtil.takeScreenshot(ScreenshotUtil.java:78)
	at base.Base.teardown(Base.java:110)
	at java.base/jdk.internal.reflect.NativeMethodAccessorImpl.invoke0(Native Method)
	at java.base/jdk.internal.reflect.NativeMethodAccessorImpl.invoke(NativeMethodAccessorImpl.java:77)
	at java.base/jdk.internal.reflect.DelegatingMethodAccessorImpl.invoke(DelegatingMethodAccessorImpl.java:43)
	at java.base/java.lang.reflect.Method.invoke(Method.java:568)
	at org.testng.internal.invokers.MethodInvocationHelper.invokeMethod(MethodInvocationHelper.java:141)
	at org.testng.internal.invokers.MethodInvocationHelper.invokeMethodConsideringTimeout(MethodInvocationHelper.java:71)
	at org.testng.internal.invokers.ConfigInvoker.invokeConfigurationMethod(ConfigInvoker.java:400)
	at org.testng.internal.invokers.ConfigInvoker.invokeConfigurations(ConfigInvoker.java:333)
	at org.testng.internal.invokers.TestInvoker.runConfigMethods(TestInvoker.java:846)
	at org.testng.internal.invokers.TestInvoker.runAfterConfigurations(TestInvoker.java:815)
	at org.testng.internal.invokers.TestInvoker.invokeMethod(TestInvoker.java:791)
	at org.testng.internal.invokers.TestInvoker.invokeTestMethod(TestInvoker.java:230)
	at org.testng.internal.invokers.MethodRunner.runInSequence(MethodRunner.java:63)
	at org.testng.internal.invokers.TestInvoker$MethodInvocationAgent.invoke(TestInvoker.java:1005)
	at org.testng.internal.invokers.TestInvoker.invokeTestMethods(TestInvoker.java:203)
	at org.testng.internal.invokers.TestMethodWorker.invokeTestMethods(TestMethodWorker.java:154)
	at org.testng.internal.invokers.TestMethodWorker.run(TestMethodWorker.java:134)
	at java.base/java.util.ArrayList.forEach(ArrayList.java:1511)
	at org.testng.TestRunner.privateRun(TestRunner.java:744)
	at org.testng.TestRunner.run(TestRunner.java:616)
	at org.testng.SuiteRunner.runTest(SuiteRunner.java:421)
	at org.testng.SuiteRunner.runSequentially(SuiteRunner.java:413)
	at org.testng.SuiteRunner.privateRun(SuiteRunner.java:373)
	at org.testng.SuiteRunner.run(SuiteRunner.java:312)
	at org.testng.SuiteRunnerWorker.runSuite(SuiteRunnerWorker.java:52)
	at org.testng.SuiteRunnerWorker.run(SuiteRunnerWorker.java:95)
	at org.testng.TestNG.runSuitesSequentially(TestNG.java:1274)
	at org.testng.TestNG.runSuitesLocally(TestNG.java:1208)
	at org.testng.TestNG.runSuites(TestNG.java:1112)
	at org.testng.TestNG.run(TestNG.java:1079)
	at com.intellij.rt.testng.IDEARemoteTestNG.run(IDEARemoteTestNG.java:66)
	at com.intellij.rt.testng.RemoteTestNGStarter.main(RemoteTestNGStarter.java:105)
Caused by: org.openqa.selenium.NoSuchSessionException: invalid session id
Build info: version: '4.47.0', revision: '9175ed9 9175ed94d83e87cc3abeb7c9fd91367d17849d35'
System info: os.name: 'Windows 11', os.arch: 'amd64', os.version: '10.0', java.version: '17.0.12'
Driver info: org.openqa.selenium.chrome.ChromeDriver
Command: [ce61a5f18595fafcdb488bbbeb2503e0, screenshot {}]
Capabilities {acceptInsecureCerts: false, browserName: chrome, browserVersion: 153.0.8010.53, chrome: {chromedriverVersion: 153.0.8010.52 (78e5e45d4bb4..., userDataDir: C:\Users\dgowda\AppData\Loc...}, fedcm:accounts: true, goog:chromeOptions: {debuggerAddress: localhost:64480}, goog:processID: 4692, networkConnectionEnabled: false, pageLoadStrategy: normal, platformName: windows, proxy: Proxy(), se:cdp: ws://localhost:64480/devtoo..., se:cdpVersion: 153.0.8010.53, setWindowRect: true, strictFileInteractability: false, timeouts: {implicit: 0, pageLoad: 300000, script: 30000}, unhandledPromptBehavior: dismiss and notify, webauthn:extension:cmtgKey: true, webauthn:extension:credBlob: true, webauthn:extension:largeBlob: true, webauthn:extension:minPinLength: true, webauthn:extension:prf: true, webauthn:virtualAuthenticators: true}
Session ID: ce61a5f18595fafcdb488bbbeb2503e0
	at org.openqa.selenium.remote.ErrorCodec.decode(ErrorCodec.java:169)
	at org.openqa.selenium.remote.codec.w3c.W3CHttpResponseCodec.decode(W3CHttpResponseCodec.java:143)
	at org.openqa.selenium.remote.codec.w3c.W3CHttpResponseCodec.decode(W3CHttpResponseCodec.java:50)
	at org.openqa.selenium.remote.HttpCommandExecutor.execute(HttpCommandExecutor.java:196)
	at org.openqa.selenium.remote.service.DriverCommandExecutor.invokeExecute(DriverCommandExecutor.java:217)
	at org.openqa.selenium.remote.service.DriverCommandExecutor.execute(DriverCommandExecutor.java:175)
	at org.openqa.selenium.remote.RemoteWebDriver.execute(RemoteWebDriver.java:653)
	at org.openqa.selenium.remote.RemoteWebDriver.execute(RemoteWebDriver.java:735)
	at org.openqa.selenium.remote.RemoteWebDriver.execute(RemoteWebDriver.java:739)
	at org.openqa.selenium.remote.RemoteWebDriver.getScreenshotAs(RemoteWebDriver.java:383)
	at utilities.ScreenshotUtil.takeScreenshot(ScreenshotUtil.java:60)
	... 33 more
2026-09-27 12:41:22 [main] INFO  Base - Closing browser.
2026-09-27 12:41:22 [main] INFO  Base - ===== Test Teardown Completed =====
2026-09-27 12:41:22 [main] INFO  Base - ===== Flushing Extent Report =====
2026-09-27 13:41:29 [main] INFO  ExtentReportManager - Initializing Extent Report.
2026-09-27 13:41:29 [main] INFO  ExtentReportManager - Extent Report initialized successfully.
2026-09-27 13:41:29 [main] INFO  Utils - [TestNG] Running:
  C:\Users\dgowda\AppData\Local\JetBrains\IdeaIC2023.2\temp-testng-customsuite.xml

2026-09-27 13:41:29 [main] INFO  Base - ===== Starting Test Setup =====
2026-09-27 13:41:29 [main] INFO  Base - Initializing Chrome browser.
2026-09-27 13:41:32 [main] INFO  Base - Maximizing browser window.
2026-09-27 13:41:32 [main] INFO  Base - Opening application URL.
2026-09-27 13:41:34 [main] INFO  Base - Browser setup completed successfully.
2026-09-27 13:41:34 [main] INFO  Base - ===== Test Setup Completed =====
2026-09-27 13:41:34 [main] INFO  BaseLogin - ===== Starting DOR Login =====
2026-09-27 13:41:34 [main] INFO  BaseLogin - Entering DOR User ID.
2026-09-27 13:41:34 [main] INFO  Login - Entering User ID.
2026-09-27 13:41:35 [main] INFO  BaseLogin - Entering DOR password.
2026-09-27 13:41:35 [main] INFO  Login - Entering password.
2026-09-27 13:41:35 [main] INFO  BaseLogin - Clicking DOR Sign In button.
2026-09-27 13:41:35 [main] INFO  Login - Clicking Sign In button.
2026-09-27 13:41:35 [main] INFO  BaseLogin - DOR login completed successfully.
2026-09-27 13:41:35 [main] INFO  BaseLogin - ===== DOR Login Completed =====
2026-09-27 13:41:35 [main] INFO  MaterialOutwardReturnable_FC_Test - =================================================
2026-09-27 13:41:35 [main] INFO  MaterialOutwardReturnable_FC_Test - Starting Material Outward Returnable form Update test.
2026-09-27 13:41:35 [main] INFO  MaterialOutwardReturnable_FC_Test - =================================================
2026-09-27 13:41:36 [main] INFO  MaterialOutwardReturnable_FC_Test - Opening Register module.
2026-09-27 13:41:36 [main] INFO  Registers - Opening Registers module.
2026-09-27 13:41:38 [main] INFO  Registers - Registers module opened successfully.
2026-09-27 13:41:39 [main] INFO  MaterialOutwardReturnable_FC_Test - Register module opened successfully.
2026-09-27 13:41:39 [main] INFO  MaterialOutwardReturnable_FC_Test - Selecting vertical: Fulfillment Center
2026-09-27 13:41:39 [main] INFO  Registers - Selecting vertical: Fulfillment Center
2026-09-27 13:41:40 [main] INFO  Registers - Successfully selected vertical: Fulfillment Center
2026-09-27 13:41:41 [main] INFO  MaterialOutwardReturnable_FC_Test - Selecting site: BOM7
2026-09-27 13:41:41 [main] INFO  Registers - Selecting site: BOM7
2026-09-27 13:41:41 [main] INFO  Registers - Successfully selected site: BOM7
2026-09-27 13:41:41 [main] INFO  MaterialOutwardReturnable_FC_Test - Opening Material Outward Register (Returnable).
2026-09-27 13:41:41 [main] INFO  NewEntryFormFields - Opening Material Outward Register (Returnable).
2026-09-27 13:41:41 [main] INFO  NewEntryFormFields - Material Outward Register (Returnable) opened successfully.
2026-09-27 13:41:41 [main] INFO  MaterialOutwardReturnable_FC_Test - Opening View List form.
2026-09-27 13:41:41 [main] INFO  ViewListFormFields - Clicking View List.
2026-09-27 13:41:41 [main] INFO  ViewListFormFields - View List opened successfully.
2026-09-27 13:41:41 [main] INFO  NewEntryFormFields - Waiting for form creation success message.
2026-09-27 13:41:42 [main] INFO  NewEntryFormFields - Success message received: Material Outward Register (Returnable)
2026-09-27 13:41:42 [main] INFO  MaterialOutwardReturnable_FC_Test - Clicking edit action
2026-09-27 13:41:42 [main] INFO  ViewListFormFields - Clicking Edit Action.
2026-09-27 13:41:43 [main] INFO  ViewListFormFields - Edit button clicked successfully.
2026-09-27 13:41:45 [main] INFO  NewEntryFormFields - Waiting for form creation success message.
2026-09-27 13:41:45 [main] INFO  NewEntryFormFields - Success message received: Material Outward Register (Returnable)
2026-09-27 13:41:45 [main] INFO  MaterialOutwardReturnable_FC_Test - Starting verification of created form in View List.
2026-09-27 13:41:45 [main] INFO  ViewListFormFields - View List - Form Date: 8/12/2026
2026-09-27 13:41:45 [main] INFO  ViewListFormFields - View List - GP Number: 12345
2026-09-27 13:41:45 [main] INFO  ViewListFormFields - View List - Date and Time: 10/12/2026, 6:30 PM
2026-09-27 13:41:45 [main] INFO  ViewListFormFields - View List - Description: Test Description
2026-09-27 13:41:45 [main] INFO  ViewListFormFields - View List - Denom: Test Denom
2026-09-27 13:41:45 [main] INFO  ViewListFormFields - View List - Quantity: 10
2026-09-27 13:41:45 [main] INFO  ViewListFormFields - View List - Material Sent To Address: Test Address
2026-09-27 13:41:45 [main] INFO  ViewListFormFields - View List - Authorised Name: Test Authorised Name
2026-09-27 13:41:45 [main] INFO  ViewListFormFields - View List - Purpose: Test Purpose
2026-09-27 13:41:45 [main] INFO  ViewListFormFields - View List - In-security Name: Test Insecurity Name
2026-09-27 13:41:45 [main] INFO  ViewListFormFields - View List - Approximate Date: 11/12/2026
2026-09-27 13:41:45 [main] INFO  ViewListFormFields - View List - Material Carried Name: Test Material Carried Name
2026-09-27 13:41:45 [main] INFO  ViewListFormFields - View List - DC Number: 12345
2026-09-27 13:41:45 [main] INFO  ViewListFormFields - View List - Material Return Date: 9/17/2026
2026-09-27 13:41:45 [main] INFO  ViewListFormFields - View List - Material Return Quantity: 5
2026-09-27 13:41:45 [main] INFO  ViewListFormFields - View List - Security Name: Test Security Name
2026-09-27 13:41:45 [main] INFO  ViewListFormFields - View List - Remarks: Test Remarks
2026-09-27 13:41:45 [main] INFO  MaterialOutwardReturnable_FC_Test - Updating and Submitting Material Outward Returnable form.
2026-09-27 13:41:45 [main] INFO  ViewListFormFields - Waiting for Continue & Save button.
2026-09-27 13:41:45 [main] INFO  ViewListFormFields - Clicking Continue & Save.
2026-09-27 13:41:45 [main] INFO  ViewListFormFields - Continue & Save clicked successfully.
2026-09-27 13:41:45 [main] INFO  ViewListFormFields - Waiting for form creation success message.
2026-09-27 13:41:46 [main] INFO  ViewListFormFields - Success message received: Form updated succesfully
2026-09-27 13:41:46 [main] INFO  MaterialOutwardReturnable_FC_Test - Validating form creation message. Expected: Form updated succesfully, Actual: Form updated succesfully
2026-09-27 13:41:46 [main] INFO  Base - ===== Starting Test Teardown =====
2026-09-27 13:41:46 [main] ERROR Base - Test failed: ListFormUpdateTest
2026-09-27 13:41:46 [main] ERROR Base - Test failure reason: The following asserts failed:
	Material Return Quantity mismatch expected [6] but found [5]
2026-09-27 13:41:46 [main] INFO  Base - Capturing failure screenshot for test: ListFormUpdateTest
2026-09-27 13:41:46 [main] INFO  ScreenshotUtil - Capturing screenshot for test: ListFormUpdateTest
2026-09-27 13:41:46 [main] INFO  ScreenshotUtil - Screenshot captured successfully: D:\AmazonProject\Mystuffs\Selenium with Java\DOR POM\test-output\screenshots\ListFormUpdateTest_27092026_134146.png
2026-09-27 13:41:46 [main] INFO  Base - Failure screenshot attached to Extent Report.
2026-09-27 13:41:46 [main] INFO  Base - Closing browser.
2026-09-27 13:41:46 [main] INFO  Base - ===== Test Teardown Completed =====
2026-09-27 13:41:46 [main] INFO  Base - ===== Flushing Extent Report =====
2026-09-27 13:41:47 [main] INFO  Base - Extent Report generated successfully.
2026-09-27 13:50:00 [main] INFO  ExtentReportManager - Initializing Extent Report.
2026-09-27 13:50:01 [main] INFO  ExtentReportManager - Extent Report initialized successfully.
2026-09-27 13:50:01 [main] INFO  Utils - [TestNG] Running:
  C:\Users\dgowda\AppData\Local\JetBrains\IdeaIC2023.2\temp-testng-customsuite.xml

2026-09-27 13:50:01 [main] INFO  Base - ===== Starting Test Setup =====
2026-09-27 13:50:01 [main] INFO  Base - Initializing Chrome browser.
2026-09-27 13:50:03 [main] INFO  Base - Maximizing browser window.
2026-09-27 13:50:03 [main] INFO  Base - Opening application URL.
2026-09-27 13:50:05 [main] INFO  Base - Browser setup completed successfully.
2026-09-27 13:50:05 [main] INFO  Base - ===== Test Setup Completed =====
2026-09-27 13:50:05 [main] INFO  BaseLogin - ===== Starting DOR Login =====
2026-09-27 13:50:05 [main] INFO  BaseLogin - Entering DOR User ID.
2026-09-27 13:50:05 [main] INFO  Login - Entering User ID.
2026-09-27 13:50:07 [main] INFO  BaseLogin - Entering DOR password.
2026-09-27 13:50:07 [main] INFO  Login - Entering password.
2026-09-27 13:50:07 [main] INFO  BaseLogin - Clicking DOR Sign In button.
2026-09-27 13:50:07 [main] INFO  Login - Clicking Sign In button.
2026-09-27 13:50:07 [main] INFO  BaseLogin - DOR login completed successfully.
2026-09-27 13:50:07 [main] INFO  BaseLogin - ===== DOR Login Completed =====
2026-09-27 13:50:07 [main] INFO  MaterialOutwardReturnable_FC_Test - =================================================
2026-09-27 13:50:07 [main] INFO  MaterialOutwardReturnable_FC_Test - Starting Material Outward Returnable form creation test.
2026-09-27 13:50:07 [main] INFO  MaterialOutwardReturnable_FC_Test - =================================================
2026-09-27 13:50:07 [main] INFO  MaterialOutwardReturnable_FC_Test - Opening Register module.
2026-09-27 13:50:07 [main] INFO  Registers - Opening Registers module.
2026-09-27 13:50:09 [main] INFO  Registers - Registers module opened successfully.
2026-09-27 13:50:10 [main] INFO  MaterialOutwardReturnable_FC_Test - Register module opened successfully.
2026-09-27 13:50:10 [main] INFO  MaterialOutwardReturnable_FC_Test - Selecting vertical: Fulfillment Center
2026-09-27 13:50:10 [main] INFO  Registers - Selecting vertical: Fulfillment Center
2026-09-27 13:50:10 [main] INFO  Registers - Successfully selected vertical: Fulfillment Center
2026-09-27 13:50:11 [main] INFO  MaterialOutwardReturnable_FC_Test - Selecting site: BOM7
2026-09-27 13:50:11 [main] INFO  Registers - Selecting site: BOM7
2026-09-27 13:50:12 [main] INFO  Registers - Successfully selected site: BOM7
2026-09-27 13:50:12 [main] INFO  MaterialOutwardReturnable_FC_Test - Opening Material Outward Register (Returnable).
2026-09-27 13:50:12 [main] INFO  NewEntryFormFields - Opening Material Outward Register (Returnable).
2026-09-27 13:50:12 [main] INFO  NewEntryFormFields - Material Outward Register (Returnable) opened successfully.
2026-09-27 13:50:12 [main] INFO  MaterialOutwardReturnable_FC_Test - Selected form name confirmation
2026-09-27 13:50:12 [main] INFO  NewEntryFormFields - Waiting for form creation success message.
2026-09-27 13:50:12 [main] INFO  NewEntryFormFields - Success message received: Material Outward Register (Returnable)
2026-09-27 13:50:12 [main] INFO  MaterialOutwardReturnable_FC_Test - Opening New Entry form.
2026-09-27 13:50:12 [main] INFO  NewEntryFormFields - Clicking New Entry.
2026-09-27 13:50:12 [main] INFO  NewEntryFormFields - New Entry form opened successfully.
2026-09-27 13:50:12 [main] INFO  MaterialOutwardReturnable_FC_Test - Selected form name confirmation Inside the selected form
2026-09-27 13:50:12 [main] INFO  NewEntryFormFields - Waiting for form creation success message.
2026-09-27 13:50:12 [main] INFO  NewEntryFormFields - Success message received: Material Outward Register (Returnable)
2026-09-27 13:50:12 [main] INFO  NewEntryFormFields - Selecting form date: 12 Aug 2026
2026-09-27 13:50:15 [main] INFO  NewEntryFormFields - Form date selected successfully. Value: 8/12/2026
2026-09-27 13:50:15 [main] INFO  MaterialOutwardReturnable_FC_Test - Entering GP Number.
2026-09-27 13:50:15 [main] INFO  NewEntryFormFields - Entering GP Number: 12345
2026-09-27 13:50:15 [main] INFO  NewEntryFormFields - GP Number entered successfully.
2026-09-27 13:50:15 [main] INFO  NewEntryFormFields - Selecting date and time: 12 Oct 2026 18:30
2026-09-27 13:50:17 [main] INFO  TimePicker - Selecting time: 18:30
2026-09-27 13:50:17 [main] INFO  TimePicker - Current time: 13:50
2026-09-27 13:50:18 [main] INFO  TimePicker - Time selected successfully: 18:30
2026-09-27 13:50:18 [main] INFO  NewEntryFormFields - Date and time selected successfully.
2026-09-27 13:50:18 [main] INFO  NewEntryFormFields - Clicking Set button for date and time.
2026-09-27 13:50:18 [main] INFO  NewEntryFormFields - Date and time set successfully.
2026-09-27 13:50:18 [main] INFO  NewEntryFormFields - Entering material description.
2026-09-27 13:50:19 [main] INFO  NewEntryFormFields - Material description entered successfully.
2026-09-27 13:50:19 [main] INFO  NewEntryFormFields - Entering material denomination.
2026-09-27 13:50:19 [main] INFO  NewEntryFormFields - Material denomination entered successfully.
2026-09-27 13:50:19 [main] INFO  NewEntryFormFields - Entering material quantity.
2026-09-27 13:50:19 [main] INFO  NewEntryFormFields - Material quantity entered successfully.
2026-09-27 13:50:19 [main] INFO  NewEntryFormFields - Entering material sent to address.
2026-09-27 13:50:19 [main] INFO  NewEntryFormFields - Material sent to address entered successfully.
2026-09-27 13:50:19 [main] INFO  NewEntryFormFields - Entering authorised person's name.
2026-09-27 13:50:19 [main] INFO  NewEntryFormFields - Authorised person's name entered successfully.
2026-09-27 13:50:20 [main] INFO  MaterialOutwardReturnable_FC_Test - Opening Signature Pad 1.
2026-09-27 13:50:20 [main] INFO  NewEntryFormFields - Opening Signature Pad 1.
2026-09-27 13:50:20 [main] INFO  NewEntryFormFields - Signature Pad 1 opened successfully.
2026-09-27 13:50:20 [main] INFO  NewEntryFormFields - Waiting for signature canvas.
2026-09-27 13:50:20 [main] INFO  NewEntryFormFields - Drawing signature.
2026-09-27 13:50:24 [main] INFO  NewEntryFormFields - Signature drawn successfully.
2026-09-27 13:50:24 [main] INFO  NewEntryFormFields - Save Signature button is ready.
2026-09-27 13:50:24 [main] INFO  NewEntryFormFields - Saving signature.
2026-09-27 13:50:45 [main] INFO  NewEntryFormFields - Signature saved and signature dialog closed successfully.
2026-09-27 13:50:45 [main] INFO  NewEntryFormFields - Entering purpose.
2026-09-27 13:50:45 [main] INFO  NewEntryFormFields - Purpose entered successfully.
2026-09-27 13:50:45 [main] INFO  NewEntryFormFields - Entering in-security person's name.
2026-09-27 13:50:46 [main] INFO  NewEntryFormFields - In-security person's name entered successfully.
2026-09-27 13:50:46 [main] INFO  MaterialOutwardReturnable_FC_Test - Opening Signature Pad 2.
2026-09-27 13:50:46 [main] INFO  NewEntryFormFields - Opening Signature Pad 2.
2026-09-27 13:50:46 [main] INFO  NewEntryFormFields - Signature Pad 2 opened successfully.
2026-09-27 13:50:46 [main] INFO  NewEntryFormFields - Waiting for signature canvas.
2026-09-27 13:50:46 [main] INFO  NewEntryFormFields - Drawing signature.
2026-09-27 13:50:50 [main] INFO  NewEntryFormFields - Signature drawn successfully.
2026-09-27 13:50:50 [main] INFO  NewEntryFormFields - Save Signature button is ready.
2026-09-27 13:50:50 [main] INFO  NewEntryFormFields - Saving signature.
2026-09-27 13:51:11 [main] INFO  NewEntryFormFields - Signature saved and signature dialog closed successfully.
2026-09-27 13:51:11 [main] INFO  NewEntryFormFields - Selecting approximate date: 12 Nov 2026
2026-09-27 13:51:14 [main] INFO  NewEntryFormFields - Approximate date selected successfully. Value: 11/12/2026
2026-09-27 13:51:14 [main] INFO  NewEntryFormFields - Entering material carried person's name.
2026-09-27 13:51:14 [main] INFO  NewEntryFormFields - Material carried person's name entered successfully.
2026-09-27 13:51:14 [main] INFO  MaterialOutwardReturnable_FC_Test - Opening Signature Pad 3.
2026-09-27 13:51:14 [main] INFO  NewEntryFormFields - Opening Signature Pad 3.
2026-09-27 13:51:15 [main] INFO  NewEntryFormFields - Signature Pad 3 opened successfully.
2026-09-27 13:51:15 [main] INFO  MaterialOutwardReturnable_FC_Test - Drawing Signature 3.
2026-09-27 13:51:15 [main] INFO  NewEntryFormFields - Waiting for signature canvas.
2026-09-27 13:51:15 [main] INFO  NewEntryFormFields - Drawing signature.
2026-09-27 13:51:19 [main] INFO  NewEntryFormFields - Signature drawn successfully.
2026-09-27 13:51:19 [main] INFO  NewEntryFormFields - Save Signature button is ready.
2026-09-27 13:51:19 [main] INFO  MaterialOutwardReturnable_FC_Test - Saving Signature 3.
2026-09-27 13:51:19 [main] INFO  NewEntryFormFields - Saving signature.
2026-09-27 13:51:41 [main] INFO  NewEntryFormFields - Signature saved and signature dialog closed successfully.
2026-09-27 13:51:41 [main] INFO  MaterialOutwardReturnable_FC_Test - Signature 3 saved successfully.
2026-09-27 13:51:41 [main] INFO  NewEntryFormFields - Entering DC Number.
2026-09-27 13:51:41 [main] INFO  NewEntryFormFields - DC Number entered successfully.
2026-09-27 13:51:41 [main] INFO  MaterialOutwardReturnable_FC_Test - Selecting material return date: 9/17/2026
2026-09-27 13:51:41 [main] INFO  NewEntryFormFields - Selecting material return date: 17 Sep 2026
2026-09-27 13:51:42 [main] INFO  NewEntryFormFields - Material return date selected successfully. Value: 9/17/2026
2026-09-27 13:51:42 [main] INFO  NewEntryFormFields - Entering material return quantity.
2026-09-27 13:51:42 [main] INFO  NewEntryFormFields - Material return quantity entered successfully.
2026-09-27 13:51:42 [main] INFO  NewEntryFormFields - Entering security person's name.
2026-09-27 13:51:43 [main] INFO  NewEntryFormFields - Security person's name entered successfully.
2026-09-27 13:51:43 [main] INFO  MaterialOutwardReturnable_FC_Test - Opening Signature Pad 4.
2026-09-27 13:51:43 [main] INFO  NewEntryFormFields - Opening Signature Pad 4.
2026-09-27 13:51:43 [main] INFO  NewEntryFormFields - Signature Pad 4 opened successfully.
2026-09-27 13:51:43 [main] INFO  NewEntryFormFields - Waiting for signature canvas.
2026-09-27 13:51:43 [main] INFO  NewEntryFormFields - Drawing signature.
2026-09-27 13:51:48 [main] INFO  NewEntryFormFields - Signature drawn successfully.
2026-09-27 13:51:48 [main] INFO  NewEntryFormFields - Save Signature button is ready.
2026-09-27 13:51:48 [main] INFO  NewEntryFormFields - Saving signature.
2026-09-27 13:52:09 [main] INFO  NewEntryFormFields - Signature saved and signature dialog closed successfully.
2026-09-27 13:52:09 [main] INFO  NewEntryFormFields - Entering remarks.
2026-09-27 13:52:09 [main] INFO  NewEntryFormFields - Remarks entered successfully.
2026-09-27 13:52:10 [main] INFO  MaterialOutwardReturnable_FC_Test - Submitting Material Outward Returnable form.
2026-09-27 13:52:10 [main] INFO  NewEntryFormFields - Waiting for Continue & Save button.
2026-09-27 13:52:10 [main] INFO  NewEntryFormFields - Clicking Continue & Save.
2026-09-27 13:52:10 [main] INFO  NewEntryFormFields - Continue & Save clicked successfully.
2026-09-27 13:52:10 [main] INFO  NewEntryFormFields - Waiting for form creation success message.
2026-09-27 13:52:11 [main] INFO  NewEntryFormFields - Success message received: Form created succesfully
2026-09-27 13:52:11 [main] INFO  MaterialOutwardReturnable_FC_Test - Validating form creation message. Expected: Form created succesfully, Actual: Form created succesfully
2026-09-27 13:52:11 [main] INFO  MaterialOutwardReturnable_FC_Test - Material Outward Returnable form created successfully.
2026-09-27 13:52:11 [main] INFO  Base - ===== Starting Test Teardown =====
2026-09-27 13:52:11 [main] INFO  Base - Test passed: NewEntryFormCreateTest
2026-09-27 13:52:11 [main] INFO  Base - Closing browser.
2026-09-27 13:52:11 [main] INFO  Base - ===== Test Teardown Completed =====
2026-09-27 13:52:11 [main] INFO  Base - ===== Flushing Extent Report =====
2026-09-27 13:52:11 [main] INFO  Base - Extent Report generated successfully.
2026-09-27 14:15:15 [main] INFO  ExtentReportManager - Initializing Extent Report.
2026-09-27 14:15:15 [main] INFO  ExtentReportManager - Extent Report initialized successfully.
2026-09-27 14:15:15 [main] INFO  Utils - [TestNG] Running:
  C:\Users\dgowda\AppData\Local\JetBrains\IdeaIC2023.2\temp-testng-customsuite.xml

2026-09-27 14:15:15 [main] INFO  Base - ===== Starting Test Setup =====
2026-09-27 14:15:15 [main] INFO  Base - Initializing Chrome browser.
2026-09-27 14:15:17 [main] INFO  Base - Maximizing browser window.
2026-09-27 14:15:17 [main] INFO  Base - Opening application URL.
2026-09-27 14:15:18 [main] INFO  Base - Browser setup completed successfully.
2026-09-27 14:15:18 [main] INFO  Base - ===== Test Setup Completed =====
2026-09-27 14:15:18 [main] INFO  BaseLogin - ===== Starting DOR Login =====
2026-09-27 14:15:18 [main] INFO  BaseLogin - Entering DOR User ID.
2026-09-27 14:15:18 [main] INFO  Login - Entering User ID.
2026-09-27 14:15:20 [main] INFO  BaseLogin - Entering DOR password.
2026-09-27 14:15:20 [main] INFO  Login - Entering password.
2026-09-27 14:15:20 [main] INFO  BaseLogin - Clicking DOR Sign In button.
2026-09-27 14:15:20 [main] INFO  Login - Clicking Sign In button.
2026-09-27 14:15:20 [main] INFO  BaseLogin - DOR login completed successfully.
2026-09-27 14:15:20 [main] INFO  BaseLogin - ===== DOR Login Completed =====
2026-09-27 14:15:20 [main] INFO  MaterialOutwardReturnable_FC_Test - =================================================
2026-09-27 14:15:20 [main] INFO  MaterialOutwardReturnable_FC_Test - Starting Material Outward Returnable form creation test.
2026-09-27 14:15:20 [main] INFO  MaterialOutwardReturnable_FC_Test - =================================================
2026-09-27 14:15:20 [main] INFO  MaterialOutwardReturnable_FC_Test - Opening Register module.
2026-09-27 14:15:20 [main] INFO  Registers - Opening Registers module.
2026-09-27 14:15:22 [main] INFO  Registers - Registers module opened successfully.
2026-09-27 14:15:23 [main] INFO  MaterialOutwardReturnable_FC_Test - Register module opened successfully.
2026-09-27 14:15:23 [main] INFO  MaterialOutwardReturnable_FC_Test - Selecting vertical: Fulfillment Center
2026-09-27 14:15:23 [main] INFO  Registers - Selecting vertical: Fulfillment Center
2026-09-27 14:15:24 [main] INFO  Registers - Successfully selected vertical: Fulfillment Center
2026-09-27 14:15:25 [main] INFO  MaterialOutwardReturnable_FC_Test - Selecting site: BOM7
2026-09-27 14:15:25 [main] INFO  Registers - Selecting site: BOM7
2026-09-27 14:15:25 [main] INFO  Registers - Successfully selected site: BOM7
2026-09-27 14:15:25 [main] INFO  MaterialOutwardReturnable_FC_Test - Opening Material Outward Register (Returnable).
2026-09-27 14:15:25 [main] INFO  NewEntryFormFields - Opening Material Outward Register (Returnable).
2026-09-27 14:15:25 [main] INFO  NewEntryFormFields - Material Outward Register (Returnable) opened successfully.
2026-09-27 14:15:25 [main] INFO  MaterialOutwardReturnable_FC_Test - Selected form name confirmation
2026-09-27 14:15:25 [main] INFO  NewEntryFormFields - Waiting for form creation success message.
2026-09-27 14:15:25 [main] INFO  NewEntryFormFields - Success message received: Material Outward Register (Returnable)
2026-09-27 14:15:25 [main] INFO  MaterialOutwardReturnable_FC_Test - Opening New Entry form.
2026-09-27 14:15:25 [main] INFO  NewEntryFormFields - Clicking New Entry.
2026-09-27 14:15:25 [main] INFO  NewEntryFormFields - New Entry form opened successfully.
2026-09-27 14:15:25 [main] INFO  MaterialOutwardReturnable_FC_Test - Selected form name confirmation Inside the selected form
2026-09-27 14:15:25 [main] INFO  NewEntryFormFields - Waiting for form creation success message.
2026-09-27 14:15:25 [main] INFO  NewEntryFormFields - Success message received: Material Outward Register (Returnable)
2026-09-27 14:15:25 [main] INFO  NewEntryFormFields - Selecting form date: 12 Aug 2026
2026-09-27 14:15:28 [main] INFO  NewEntryFormFields - Form date selected successfully. Value: 8/12/2026
2026-09-27 14:15:28 [main] INFO  MaterialOutwardReturnable_FC_Test - Entering GP Number.
2026-09-27 14:15:28 [main] INFO  NewEntryFormFields - Entering GP Number: 12345
2026-09-27 14:15:28 [main] INFO  NewEntryFormFields - GP Number entered successfully.
2026-09-27 14:15:28 [main] INFO  NewEntryFormFields - Selecting date and time: 12 Oct 2026 18:30
2026-09-27 14:15:30 [main] INFO  TimePicker - Selecting time: 18:30
2026-09-27 14:15:30 [main] INFO  TimePicker - Current time: 14:15
2026-09-27 14:15:31 [main] INFO  TimePicker - Time selected successfully: 18:30
2026-09-27 14:15:31 [main] INFO  NewEntryFormFields - Date and time selected successfully.
2026-09-27 14:15:31 [main] INFO  NewEntryFormFields - Clicking Set button for date and time.
2026-09-27 14:15:31 [main] INFO  NewEntryFormFields - Date and time set successfully.
2026-09-27 14:15:31 [main] INFO  NewEntryFormFields - Entering material description.
2026-09-27 14:15:31 [main] INFO  NewEntryFormFields - Material description entered successfully.
2026-09-27 14:15:31 [main] INFO  NewEntryFormFields - Entering material denomination.
2026-09-27 14:15:32 [main] INFO  NewEntryFormFields - Material denomination entered successfully.
2026-09-27 14:15:32 [main] INFO  NewEntryFormFields - Entering material quantity.
2026-09-27 14:15:32 [main] INFO  NewEntryFormFields - Material quantity entered successfully.
2026-09-27 14:15:32 [main] INFO  NewEntryFormFields - Entering material sent to address.
2026-09-27 14:15:32 [main] INFO  NewEntryFormFields - Material sent to address entered successfully.
2026-09-27 14:15:32 [main] INFO  NewEntryFormFields - Entering authorised person's name.
2026-09-27 14:15:32 [main] INFO  NewEntryFormFields - Authorised person's name entered successfully.
2026-09-27 14:15:32 [main] INFO  MaterialOutwardReturnable_FC_Test - Opening Signature Pad 1.
2026-09-27 14:15:32 [main] INFO  NewEntryFormFields - Opening Signature Pad 1.
2026-09-27 14:15:33 [main] INFO  NewEntryFormFields - Signature Pad 1 opened successfully.
2026-09-27 14:15:33 [main] INFO  NewEntryFormFields - Waiting for signature canvas.
2026-09-27 14:15:33 [main] INFO  NewEntryFormFields - Drawing signature.
2026-09-27 14:15:41 [main] ERROR MaterialOutwardReturnable_FC_Test - Material Outward Returnable form creation test failed.
org.openqa.selenium.interactions.MoveTargetOutOfBoundsException: move target out of bounds
  (Session info: chrome=153.0.8010.53)
Build info: version: '4.47.0', revision: '9175ed9 9175ed94d83e87cc3abeb7c9fd91367d17849d35'
System info: os.name: 'Windows 11', os.arch: 'amd64', os.version: '10.0', java.version: '17.0.12'
Driver info: org.openqa.selenium.chrome.ChromeDriver
Command: [f07f7c1073da7ab3cfbdbb4d80e7118d, actions {actions=[org.openqa.selenium.interactions.Sequence@191a0351]}]
Capabilities {acceptInsecureCerts: false, browserName: chrome, browserVersion: 153.0.8010.53, chrome: {chromedriverVersion: 153.0.8010.52 (78e5e45d4bb4..., userDataDir: C:\Users\dgowda\AppData\Loc...}, fedcm:accounts: true, goog:chromeOptions: {debuggerAddress: localhost:58768}, goog:processID: 23980, networkConnectionEnabled: false, pageLoadStrategy: normal, platformName: windows, proxy: Proxy(), se:cdp: ws://localhost:58768/devtoo..., se:cdpVersion: 153.0.8010.53, setWindowRect: true, strictFileInteractability: false, timeouts: {implicit: 0, pageLoad: 300000, script: 30000}, unhandledPromptBehavior: dismiss and notify, webauthn:extension:cmtgKey: true, webauthn:extension:credBlob: true, webauthn:extension:largeBlob: true, webauthn:extension:minPinLength: true, webauthn:extension:prf: true, webauthn:virtualAuthenticators: true}
Session ID: f07f7c1073da7ab3cfbdbb4d80e7118d
	at org.openqa.selenium.remote.ErrorCodec.decode(ErrorCodec.java:169)
	at org.openqa.selenium.remote.codec.w3c.W3CHttpResponseCodec.decode(W3CHttpResponseCodec.java:143)
	at org.openqa.selenium.remote.codec.w3c.W3CHttpResponseCodec.decode(W3CHttpResponseCodec.java:50)
	at org.openqa.selenium.remote.HttpCommandExecutor.execute(HttpCommandExecutor.java:196)
	at org.openqa.selenium.remote.service.DriverCommandExecutor.invokeExecute(DriverCommandExecutor.java:217)
	at org.openqa.selenium.remote.service.DriverCommandExecutor.execute(DriverCommandExecutor.java:175)
	at org.openqa.selenium.remote.RemoteWebDriver.execute(RemoteWebDriver.java:653)
	at org.openqa.selenium.remote.RemoteWebDriver.perform(RemoteWebDriver.java:748)
	at org.openqa.selenium.interactions.Actions$BuiltAction.perform(Actions.java:612)
	at org.openqa.selenium.interactions.Actions.perform(Actions.java:577)
	at utilities.SignaturePad.sign(SignaturePad.java:119)
	at pages.NewEntryFormFields.signOnPad(NewEntryFormFields.java:282)
	at testcases.MaterialOutwardReturnable_FC_Test.NewEntryFormCreateTest(MaterialOutwardReturnable_FC_Test.java:175)
	at java.base/jdk.internal.reflect.NativeMethodAccessorImpl.invoke0(Native Method)
	at java.base/jdk.internal.reflect.NativeMethodAccessorImpl.invoke(NativeMethodAccessorImpl.java:77)
	at java.base/jdk.internal.reflect.DelegatingMethodAccessorImpl.invoke(DelegatingMethodAccessorImpl.java:43)
	at java.base/java.lang.reflect.Method.invoke(Method.java:568)
	at org.testng.internal.invokers.MethodInvocationHelper.invokeMethod(MethodInvocationHelper.java:141)
	at org.testng.internal.invokers.TestInvoker.invokeMethod(TestInvoker.java:697)
	at org.testng.internal.invokers.TestInvoker.invokeTestMethod(TestInvoker.java:230)
	at org.testng.internal.invokers.MethodRunner.runInSequence(MethodRunner.java:63)
	at org.testng.internal.invokers.TestInvoker$MethodInvocationAgent.invoke(TestInvoker.java:1005)
	at org.testng.internal.invokers.TestInvoker.invokeTestMethods(TestInvoker.java:203)
	at org.testng.internal.invokers.TestMethodWorker.invokeTestMethods(TestMethodWorker.java:154)
	at org.testng.internal.invokers.TestMethodWorker.run(TestMethodWorker.java:134)
	at java.base/java.util.ArrayList.forEach(ArrayList.java:1511)
	at org.testng.TestRunner.privateRun(TestRunner.java:744)
	at org.testng.TestRunner.run(TestRunner.java:616)
	at org.testng.SuiteRunner.runTest(SuiteRunner.java:421)
	at org.testng.SuiteRunner.runSequentially(SuiteRunner.java:413)
	at org.testng.SuiteRunner.privateRun(SuiteRunner.java:373)
	at org.testng.SuiteRunner.run(SuiteRunner.java:312)
	at org.testng.SuiteRunnerWorker.runSuite(SuiteRunnerWorker.java:52)
	at org.testng.SuiteRunnerWorker.run(SuiteRunnerWorker.java:95)
	at org.testng.TestNG.runSuitesSequentially(TestNG.java:1274)
	at org.testng.TestNG.runSuitesLocally(TestNG.java:1208)
	at org.testng.TestNG.runSuites(TestNG.java:1112)
	at org.testng.TestNG.run(TestNG.java:1079)
	at com.intellij.rt.testng.IDEARemoteTestNG.run(IDEARemoteTestNG.java:66)
	at com.intellij.rt.testng.RemoteTestNGStarter.main(RemoteTestNGStarter.java:105)
2026-09-27 14:15:41 [main] INFO  Base - ===== Starting Test Teardown =====
2026-09-27 14:15:41 [main] ERROR Base - Test failed: NewEntryFormCreateTest
2026-09-27 14:15:41 [main] ERROR Base - Test failure reason: move target out of bounds
  (Session info: chrome=153.0.8010.53)
Build info: version: '4.47.0', revision: '9175ed9 9175ed94d83e87cc3abeb7c9fd91367d17849d35'
System info: os.name: 'Windows 11', os.arch: 'amd64', os.version: '10.0', java.version: '17.0.12'
Driver info: org.openqa.selenium.chrome.ChromeDriver
Command: [f07f7c1073da7ab3cfbdbb4d80e7118d, actions {actions=[org.openqa.selenium.interactions.Sequence@191a0351]}]
Capabilities {acceptInsecureCerts: false, browserName: chrome, browserVersion: 153.0.8010.53, chrome: {chromedriverVersion: 153.0.8010.52 (78e5e45d4bb4..., userDataDir: C:\Users\dgowda\AppData\Loc...}, fedcm:accounts: true, goog:chromeOptions: {debuggerAddress: localhost:58768}, goog:processID: 23980, networkConnectionEnabled: false, pageLoadStrategy: normal, platformName: windows, proxy: Proxy(), se:cdp: ws://localhost:58768/devtoo..., se:cdpVersion: 153.0.8010.53, setWindowRect: true, strictFileInteractability: false, timeouts: {implicit: 0, pageLoad: 300000, script: 30000}, unhandledPromptBehavior: dismiss and notify, webauthn:extension:cmtgKey: true, webauthn:extension:credBlob: true, webauthn:extension:largeBlob: true, webauthn:extension:minPinLength: true, webauthn:extension:prf: true, webauthn:virtualAuthenticators: true}
Session ID: f07f7c1073da7ab3cfbdbb4d80e7118d
2026-09-27 14:15:41 [main] INFO  Base - Capturing failure screenshot for test: NewEntryFormCreateTest
2026-09-27 14:15:41 [main] INFO  ScreenshotUtil - Capturing screenshot for test: NewEntryFormCreateTest
2026-09-27 14:15:41 [main] INFO  ScreenshotUtil - Screenshot captured successfully: D:\AmazonProject\Mystuffs\Selenium with Java\DOR POM\test-output\screenshots\NewEntryFormCreateTest_27092026_141541.png
2026-09-27 14:15:41 [main] INFO  Base - Failure screenshot attached to Extent Report.
2026-09-27 14:15:41 [main] INFO  Base - Closing browser.
2026-09-27 14:15:41 [main] INFO  Base - ===== Test Teardown Completed =====
2026-09-27 14:15:41 [main] INFO  Base - ===== Flushing Extent Report =====
2026-09-27 14:15:42 [main] INFO  Base - Extent Report generated successfully.
2026-09-27 14:23:31 [main] INFO  ExtentReportManager - Initializing Extent Report.
2026-09-27 14:23:31 [main] INFO  ExtentReportManager - Extent Report initialized successfully.
2026-09-27 14:23:31 [main] INFO  Utils - [TestNG] Running:
  C:\Users\dgowda\AppData\Local\JetBrains\IdeaIC2023.2\temp-testng-customsuite.xml

2026-09-27 14:23:31 [main] INFO  Base - ===== Starting Test Setup =====
2026-09-27 14:23:31 [main] INFO  Base - Initializing Chrome browser.
2026-09-27 14:23:33 [main] INFO  Base - Maximizing browser window.
2026-09-27 14:23:33 [main] INFO  Base - Opening application URL.
2026-09-27 14:23:35 [main] INFO  Base - Browser setup completed successfully.
2026-09-27 14:23:35 [main] INFO  Base - ===== Test Setup Completed =====
2026-09-27 14:23:35 [main] INFO  BaseLogin - ===== Starting DOR Login =====
2026-09-27 14:23:35 [main] INFO  BaseLogin - Entering DOR User ID.
2026-09-27 14:23:35 [main] INFO  Login - Entering User ID.
2026-09-27 14:23:36 [main] INFO  BaseLogin - Entering DOR password.
2026-09-27 14:23:36 [main] INFO  Login - Entering password.
2026-09-27 14:23:36 [main] INFO  BaseLogin - Clicking DOR Sign In button.
2026-09-27 14:23:36 [main] INFO  Login - Clicking Sign In button.
2026-09-27 14:23:36 [main] INFO  BaseLogin - DOR login completed successfully.
2026-09-27 14:23:36 [main] INFO  BaseLogin - ===== DOR Login Completed =====
2026-09-27 14:23:36 [main] INFO  MaterialOutwardReturnable_FC_Test - =================================================
2026-09-27 14:23:36 [main] INFO  MaterialOutwardReturnable_FC_Test - Starting Material Outward Returnable form creation test.
2026-09-27 14:23:36 [main] INFO  MaterialOutwardReturnable_FC_Test - =================================================
2026-09-27 14:23:36 [main] INFO  MaterialOutwardReturnable_FC_Test - Opening Register module.
2026-09-27 14:23:36 [main] INFO  Registers - Opening Registers module.
2026-09-27 14:23:38 [main] INFO  Registers - Registers module opened successfully.
2026-09-27 14:23:39 [main] INFO  MaterialOutwardReturnable_FC_Test - Register module opened successfully.
2026-09-27 14:23:39 [main] INFO  MaterialOutwardReturnable_FC_Test - Selecting vertical: Fulfillment Center
2026-09-27 14:23:39 [main] INFO  Registers - Selecting vertical: Fulfillment Center
2026-09-27 14:23:40 [main] INFO  Registers - Successfully selected vertical: Fulfillment Center
2026-09-27 14:23:41 [main] INFO  MaterialOutwardReturnable_FC_Test - Selecting site: BOM7
2026-09-27 14:23:41 [main] INFO  Registers - Selecting site: BOM7
2026-09-27 14:23:41 [main] INFO  Registers - Successfully selected site: BOM7
2026-09-27 14:23:41 [main] INFO  MaterialOutwardReturnable_FC_Test - Opening Material Outward Register (Returnable).
2026-09-27 14:23:41 [main] INFO  NewEntryFormFields - Opening Material Outward Register (Returnable).
2026-09-27 14:23:41 [main] INFO  NewEntryFormFields - Material Outward Register (Returnable) opened successfully.
2026-09-27 14:23:41 [main] INFO  MaterialOutwardReturnable_FC_Test - Selected form name confirmation
2026-09-27 14:23:41 [main] INFO  NewEntryFormFields - Waiting for form creation success message.
2026-09-27 14:23:41 [main] INFO  NewEntryFormFields - Success message received: Material Outward Register (Returnable)
2026-09-27 14:23:41 [main] INFO  MaterialOutwardReturnable_FC_Test - Opening New Entry form.
2026-09-27 14:23:41 [main] INFO  NewEntryFormFields - Clicking New Entry.
2026-09-27 14:23:41 [main] INFO  NewEntryFormFields - New Entry form opened successfully.
2026-09-27 14:23:41 [main] INFO  MaterialOutwardReturnable_FC_Test - Selected form name confirmation Inside the selected form
2026-09-27 14:23:41 [main] INFO  NewEntryFormFields - Waiting for form creation success message.
2026-09-27 14:23:41 [main] INFO  NewEntryFormFields - Success message received: Material Outward Register (Returnable)
2026-09-27 14:23:42 [main] INFO  NewEntryFormFields - Selecting form date: 12 Aug 2026
2026-09-27 14:23:44 [main] INFO  NewEntryFormFields - Form date selected successfully. Value: 8/12/2026
2026-09-27 14:23:44 [main] INFO  MaterialOutwardReturnable_FC_Test - Entering GP Number.
2026-09-27 14:23:44 [main] INFO  NewEntryFormFields - Entering GP Number: 12345
2026-09-27 14:23:44 [main] INFO  NewEntryFormFields - GP Number entered successfully.
2026-09-27 14:23:44 [main] INFO  NewEntryFormFields - Selecting date and time: 12 Oct 2026 18:30
2026-09-27 14:23:46 [main] INFO  TimePicker - Selecting time: 18:30
2026-09-27 14:23:46 [main] INFO  TimePicker - Current time: 14:23
2026-09-27 14:23:47 [main] INFO  TimePicker - Time selected successfully: 18:30
2026-09-27 14:23:47 [main] INFO  NewEntryFormFields - Date and time selected successfully.
2026-09-27 14:23:47 [main] INFO  NewEntryFormFields - Clicking Set button for date and time.
2026-09-27 14:23:47 [main] INFO  NewEntryFormFields - Date and time set successfully.
2026-09-27 14:23:47 [main] INFO  NewEntryFormFields - Entering material description.
2026-09-27 14:23:47 [main] INFO  NewEntryFormFields - Material description entered successfully.
2026-09-27 14:23:47 [main] INFO  NewEntryFormFields - Entering material denomination.
2026-09-27 14:23:47 [main] INFO  NewEntryFormFields - Material denomination entered successfully.
2026-09-27 14:23:48 [main] INFO  NewEntryFormFields - Entering material quantity.
2026-09-27 14:23:48 [main] INFO  NewEntryFormFields - Material quantity entered successfully.
2026-09-27 14:23:48 [main] INFO  NewEntryFormFields - Entering material sent to address.
2026-09-27 14:23:48 [main] INFO  NewEntryFormFields - Material sent to address entered successfully.
2026-09-27 14:23:48 [main] INFO  NewEntryFormFields - Entering authorised person's name.
2026-09-27 14:23:48 [main] INFO  NewEntryFormFields - Authorised person's name entered successfully.
2026-09-27 14:23:48 [main] INFO  MaterialOutwardReturnable_FC_Test - Opening Signature Pad 1.
2026-09-27 14:23:48 [main] INFO  NewEntryFormFields - Opening Signature Pad 1.
2026-09-27 14:23:49 [main] INFO  NewEntryFormFields - Signature Pad 1 opened successfully.
2026-09-27 14:23:49 [main] INFO  NewEntryFormFields - Waiting for signature canvas.
2026-09-27 14:23:49 [main] INFO  NewEntryFormFields - Drawing signature.
2026-09-27 14:24:05 [main] INFO  NewEntryFormFields - Signature drawn successfully.
2026-09-27 14:24:05 [main] INFO  NewEntryFormFields - Save Signature button is ready.
2026-09-27 14:24:05 [main] INFO  NewEntryFormFields - Saving signature.
2026-09-27 14:24:05 [main] ERROR MaterialOutwardReturnable_FC_Test - Material Outward Returnable form creation test failed.
org.openqa.selenium.UnhandledAlertException: unexpected alert open: {Alert text : Please provide a signature first.}
  (Session info: chrome=153.0.8010.53): Please provide a signature first.
Build info: version: '4.47.0', revision: '9175ed9 9175ed94d83e87cc3abeb7c9fd91367d17849d35'
System info: os.name: 'Windows 11', os.arch: 'amd64', os.version: '10.0', java.version: '17.0.12'
Driver info: org.openqa.selenium.chrome.ChromeDriver
Command: [1c97b123a4b3aadcc2b45d2aa6d0995f, findElement {using=xpath, value=//button[normalize-space()='Save Signature']}]
Capabilities {acceptInsecureCerts: false, browserName: chrome, browserVersion: 153.0.8010.53, chrome: {chromedriverVersion: 153.0.8010.52 (78e5e45d4bb4..., userDataDir: C:\Users\dgowda\AppData\Loc...}, fedcm:accounts: true, goog:chromeOptions: {debuggerAddress: localhost:50041}, goog:processID: 2000, networkConnectionEnabled: false, pageLoadStrategy: normal, platformName: windows, proxy: Proxy(), se:cdp: ws://localhost:50041/devtoo..., se:cdpVersion: 153.0.8010.53, setWindowRect: true, strictFileInteractability: false, timeouts: {implicit: 0, pageLoad: 300000, script: 30000}, unhandledPromptBehavior: dismiss and notify, webauthn:extension:cmtgKey: true, webauthn:extension:credBlob: true, webauthn:extension:largeBlob: true, webauthn:extension:minPinLength: true, webauthn:extension:prf: true, webauthn:virtualAuthenticators: true}
Session ID: 1c97b123a4b3aadcc2b45d2aa6d0995f
	at org.openqa.selenium.remote.codec.w3c.W3CHttpResponseCodec.decode(W3CHttpResponseCodec.java:141)
	at org.openqa.selenium.remote.codec.w3c.W3CHttpResponseCodec.decode(W3CHttpResponseCodec.java:50)
	at org.openqa.selenium.remote.HttpCommandExecutor.execute(HttpCommandExecutor.java:196)
	at org.openqa.selenium.remote.service.DriverCommandExecutor.invokeExecute(DriverCommandExecutor.java:217)
	at org.openqa.selenium.remote.service.DriverCommandExecutor.execute(DriverCommandExecutor.java:175)
	at org.openqa.selenium.remote.RemoteWebDriver.execute(RemoteWebDriver.java:653)
	at org.openqa.selenium.remote.ElementLocation$ElementFinder$2.findElement(ElementLocation.java:173)
	at org.openqa.selenium.remote.ElementLocation.findElement(ElementLocation.java:60)
	at org.openqa.selenium.remote.RemoteWebDriver.findElement(RemoteWebDriver.java:417)
	at org.openqa.selenium.remote.RemoteWebDriver.findElement(RemoteWebDriver.java:411)
	at org.openqa.selenium.support.pagefactory.DefaultElementLocator.findElement(DefaultElementLocator.java:69)
	at org.openqa.selenium.support.pagefactory.internal.LocatingElementHandler.invoke(LocatingElementHandler.java:38)
	at jdk.proxy2/jdk.proxy2.$Proxy30.isDisplayed(Unknown Source)
	at org.openqa.selenium.support.ui.ExpectedConditions.isInvisible(ExpectedConditions.java:1663)
	at org.openqa.selenium.support.ui.ExpectedConditions$49.apply(ExpectedConditions.java:1651)
	at org.openqa.selenium.support.ui.ExpectedConditions$49.apply(ExpectedConditions.java:1647)
	at org.openqa.selenium.support.ui.FluentWait.until(FluentWait.java:210)
	at pages.NewEntryFormFields.clickBtnSaveSignature(NewEntryFormFields.java:307)
	at testcases.MaterialOutwardReturnable_FC_Test.NewEntryFormCreateTest(MaterialOutwardReturnable_FC_Test.java:176)
	at java.base/jdk.internal.reflect.NativeMethodAccessorImpl.invoke0(Native Method)
	at java.base/jdk.internal.reflect.NativeMethodAccessorImpl.invoke(NativeMethodAccessorImpl.java:77)
	at java.base/jdk.internal.reflect.DelegatingMethodAccessorImpl.invoke(DelegatingMethodAccessorImpl.java:43)
	at java.base/java.lang.reflect.Method.invoke(Method.java:568)
	at org.testng.internal.invokers.MethodInvocationHelper.invokeMethod(MethodInvocationHelper.java:141)
	at org.testng.internal.invokers.TestInvoker.invokeMethod(TestInvoker.java:697)
	at org.testng.internal.invokers.TestInvoker.invokeTestMethod(TestInvoker.java:230)
	at org.testng.internal.invokers.MethodRunner.runInSequence(MethodRunner.java:63)
	at org.testng.internal.invokers.TestInvoker$MethodInvocationAgent.invoke(TestInvoker.java:1005)
	at org.testng.internal.invokers.TestInvoker.invokeTestMethods(TestInvoker.java:203)
	at org.testng.internal.invokers.TestMethodWorker.invokeTestMethods(TestMethodWorker.java:154)
	at org.testng.internal.invokers.TestMethodWorker.run(TestMethodWorker.java:134)
	at java.base/java.util.ArrayList.forEach(ArrayList.java:1511)
	at org.testng.TestRunner.privateRun(TestRunner.java:744)
	at org.testng.TestRunner.run(TestRunner.java:616)
	at org.testng.SuiteRunner.runTest(SuiteRunner.java:421)
	at org.testng.SuiteRunner.runSequentially(SuiteRunner.java:413)
	at org.testng.SuiteRunner.privateRun(SuiteRunner.java:373)
	at org.testng.SuiteRunner.run(SuiteRunner.java:312)
	at org.testng.SuiteRunnerWorker.runSuite(SuiteRunnerWorker.java:52)
	at org.testng.SuiteRunnerWorker.run(SuiteRunnerWorker.java:95)
	at org.testng.TestNG.runSuitesSequentially(TestNG.java:1274)
	at org.testng.TestNG.runSuitesLocally(TestNG.java:1208)
	at org.testng.TestNG.runSuites(TestNG.java:1112)
	at org.testng.TestNG.run(TestNG.java:1079)
	at com.intellij.rt.testng.IDEARemoteTestNG.run(IDEARemoteTestNG.java:66)
	at com.intellij.rt.testng.RemoteTestNGStarter.main(RemoteTestNGStarter.java:105)
2026-09-27 14:24:05 [main] INFO  Base - ===== Starting Test Teardown =====
2026-09-27 14:24:05 [main] ERROR Base - Test failed: NewEntryFormCreateTest
2026-09-27 14:24:05 [main] ERROR Base - Test failure reason: unexpected alert open: {Alert text : Please provide a signature first.}
  (Session info: chrome=153.0.8010.53): Please provide a signature first.
Build info: version: '4.47.0', revision: '9175ed9 9175ed94d83e87cc3abeb7c9fd91367d17849d35'
System info: os.name: 'Windows 11', os.arch: 'amd64', os.version: '10.0', java.version: '17.0.12'
Driver info: org.openqa.selenium.chrome.ChromeDriver
Command: [1c97b123a4b3aadcc2b45d2aa6d0995f, findElement {using=xpath, value=//button[normalize-space()='Save Signature']}]
Capabilities {acceptInsecureCerts: false, browserName: chrome, browserVersion: 153.0.8010.53, chrome: {chromedriverVersion: 153.0.8010.52 (78e5e45d4bb4..., userDataDir: C:\Users\dgowda\AppData\Loc...}, fedcm:accounts: true, goog:chromeOptions: {debuggerAddress: localhost:50041}, goog:processID: 2000, networkConnectionEnabled: false, pageLoadStrategy: normal, platformName: windows, proxy: Proxy(), se:cdp: ws://localhost:50041/devtoo..., se:cdpVersion: 153.0.8010.53, setWindowRect: true, strictFileInteractability: false, timeouts: {implicit: 0, pageLoad: 300000, script: 30000}, unhandledPromptBehavior: dismiss and notify, webauthn:extension:cmtgKey: true, webauthn:extension:credBlob: true, webauthn:extension:largeBlob: true, webauthn:extension:minPinLength: true, webauthn:extension:prf: true, webauthn:virtualAuthenticators: true}
Session ID: 1c97b123a4b3aadcc2b45d2aa6d0995f
2026-09-27 14:24:05 [main] INFO  Base - Capturing failure screenshot for test: NewEntryFormCreateTest
2026-09-27 14:24:05 [main] INFO  ScreenshotUtil - Capturing screenshot for test: NewEntryFormCreateTest
2026-09-27 14:24:05 [main] INFO  ScreenshotUtil - Screenshot captured successfully: D:\AmazonProject\Mystuffs\Selenium with Java\DOR POM\test-output\screenshots\NewEntryFormCreateTest_27092026_142405.png
2026-09-27 14:24:05 [main] INFO  Base - Failure screenshot attached to Extent Report.
2026-09-27 14:24:05 [main] INFO  Base - Closing browser.
2026-09-27 14:24:05 [main] INFO  Base - ===== Test Teardown Completed =====
2026-09-27 14:24:05 [main] INFO  Base - ===== Flushing Extent Report =====
2026-09-27 14:24:05 [main] INFO  Base - Extent Report generated successfully.
2026-09-27 14:28:32 [main] INFO  ExtentReportManager - Initializing Extent Report.
2026-09-27 14:28:32 [main] INFO  ExtentReportManager - Extent Report initialized successfully.
2026-09-27 14:28:32 [main] INFO  Utils - [TestNG] Running:
  C:\Users\dgowda\AppData\Local\JetBrains\IdeaIC2023.2\temp-testng-customsuite.xml

2026-09-27 14:28:32 [main] INFO  Base - ===== Starting Test Setup =====
2026-09-27 14:28:32 [main] INFO  Base - Initializing Chrome browser.
2026-09-27 14:28:35 [main] INFO  Base - Maximizing browser window.
2026-09-27 14:28:35 [main] INFO  Base - Opening application URL.
2026-09-27 14:28:37 [main] INFO  Base - Browser setup completed successfully.
2026-09-27 14:28:37 [main] INFO  Base - ===== Test Setup Completed =====
2026-09-27 14:28:37 [main] INFO  BaseLogin - ===== Starting DOR Login =====
2026-09-27 14:28:37 [main] INFO  BaseLogin - Entering DOR User ID.
2026-09-27 14:28:37 [main] INFO  Login - Entering User ID.
2026-09-27 14:28:37 [main] INFO  BaseLogin - Entering DOR password.
2026-09-27 14:28:37 [main] INFO  Login - Entering password.
2026-09-27 14:28:37 [main] INFO  BaseLogin - Clicking DOR Sign In button.
2026-09-27 14:28:37 [main] INFO  Login - Clicking Sign In button.
2026-09-27 14:28:37 [main] INFO  BaseLogin - DOR login completed successfully.
2026-09-27 14:28:37 [main] INFO  BaseLogin - ===== DOR Login Completed =====
2026-09-27 14:28:38 [main] INFO  MaterialOutwardReturnable_FC_Test - =================================================
2026-09-27 14:28:38 [main] INFO  MaterialOutwardReturnable_FC_Test - Starting Material Outward Returnable form creation test.
2026-09-27 14:28:38 [main] INFO  MaterialOutwardReturnable_FC_Test - =================================================
2026-09-27 14:28:38 [main] INFO  MaterialOutwardReturnable_FC_Test - Opening Register module.
2026-09-27 14:28:38 [main] INFO  Registers - Opening Registers module.
2026-09-27 14:28:40 [main] INFO  Registers - Registers module opened successfully.
2026-09-27 14:28:41 [main] INFO  MaterialOutwardReturnable_FC_Test - Register module opened successfully.
2026-09-27 14:28:41 [main] INFO  MaterialOutwardReturnable_FC_Test - Selecting vertical: Fulfillment Center
2026-09-27 14:28:41 [main] INFO  Registers - Selecting vertical: Fulfillment Center
2026-09-27 14:28:42 [main] INFO  Registers - Successfully selected vertical: Fulfillment Center
2026-09-27 14:28:43 [main] INFO  MaterialOutwardReturnable_FC_Test - Selecting site: BOM7
2026-09-27 14:28:43 [main] INFO  Registers - Selecting site: BOM7
2026-09-27 14:28:43 [main] INFO  Registers - Successfully selected site: BOM7
2026-09-27 14:28:43 [main] INFO  MaterialOutwardReturnable_FC_Test - Opening Material Outward Register (Returnable).
2026-09-27 14:28:43 [main] INFO  NewEntryFormFields - Opening Material Outward Register (Returnable).
2026-09-27 14:28:43 [main] INFO  NewEntryFormFields - Material Outward Register (Returnable) opened successfully.
2026-09-27 14:28:43 [main] INFO  MaterialOutwardReturnable_FC_Test - Selected form name confirmation
2026-09-27 14:28:43 [main] INFO  NewEntryFormFields - Waiting for form creation success message.
2026-09-27 14:28:43 [main] INFO  NewEntryFormFields - Success message received: Material Outward Register (Returnable)
2026-09-27 14:28:43 [main] INFO  MaterialOutwardReturnable_FC_Test - Opening New Entry form.
2026-09-27 14:28:43 [main] INFO  NewEntryFormFields - Clicking New Entry.
2026-09-27 14:28:43 [main] INFO  NewEntryFormFields - New Entry form opened successfully.
2026-09-27 14:28:43 [main] INFO  MaterialOutwardReturnable_FC_Test - Selected form name confirmation Inside the selected form
2026-09-27 14:28:43 [main] INFO  NewEntryFormFields - Waiting for form creation success message.
2026-09-27 14:28:43 [main] INFO  NewEntryFormFields - Success message received: Material Outward Register (Returnable)
2026-09-27 14:28:43 [main] INFO  NewEntryFormFields - Selecting form date: 12 Aug 2026
2026-09-27 14:28:45 [main] INFO  NewEntryFormFields - Form date selected successfully. Value: 8/12/2026
2026-09-27 14:28:45 [main] INFO  MaterialOutwardReturnable_FC_Test - Entering GP Number.
2026-09-27 14:28:45 [main] INFO  NewEntryFormFields - Entering GP Number: 12345
2026-09-27 14:28:46 [main] INFO  NewEntryFormFields - GP Number entered successfully.
2026-09-27 14:28:46 [main] INFO  NewEntryFormFields - Selecting date and time: 12 Oct 2026 18:30
2026-09-27 14:28:48 [main] INFO  TimePicker - Selecting time: 18:30
2026-09-27 14:28:48 [main] INFO  TimePicker - Current time: 14:28
2026-09-27 14:28:48 [main] INFO  TimePicker - Time selected successfully: 18:30
2026-09-27 14:28:48 [main] INFO  NewEntryFormFields - Date and time selected successfully.
2026-09-27 14:28:48 [main] INFO  NewEntryFormFields - Clicking Set button for date and time.
2026-09-27 14:28:48 [main] INFO  NewEntryFormFields - Date and time set successfully.
2026-09-27 14:28:48 [main] INFO  NewEntryFormFields - Entering material description.
2026-09-27 14:28:48 [main] INFO  NewEntryFormFields - Material description entered successfully.
2026-09-27 14:28:48 [main] INFO  NewEntryFormFields - Entering material denomination.
2026-09-27 14:28:49 [main] INFO  NewEntryFormFields - Material denomination entered successfully.
2026-09-27 14:28:49 [main] INFO  NewEntryFormFields - Entering material quantity.
2026-09-27 14:28:49 [main] INFO  NewEntryFormFields - Material quantity entered successfully.
2026-09-27 14:28:49 [main] INFO  NewEntryFormFields - Entering material sent to address.
2026-09-27 14:28:49 [main] INFO  NewEntryFormFields - Material sent to address entered successfully.
2026-09-27 14:28:49 [main] INFO  NewEntryFormFields - Entering authorised person's name.
2026-09-27 14:28:49 [main] INFO  NewEntryFormFields - Authorised person's name entered successfully.
2026-09-27 14:28:50 [main] INFO  MaterialOutwardReturnable_FC_Test - Opening Signature Pad 1.
2026-09-27 14:28:50 [main] INFO  NewEntryFormFields - Opening Signature Pad 1.
2026-09-27 14:28:50 [main] INFO  NewEntryFormFields - Signature Pad 1 opened successfully.
2026-09-27 14:28:50 [main] INFO  NewEntryFormFields - Waiting for signature canvas.
2026-09-27 14:28:50 [main] INFO  NewEntryFormFields - Drawing signature.
2026-09-27 14:29:06 [main] INFO  NewEntryFormFields - Signature drawn successfully.
2026-09-27 14:29:06 [main] INFO  NewEntryFormFields - Save Signature button is ready.
2026-09-27 14:29:06 [main] INFO  NewEntryFormFields - Saving signature.
2026-09-27 14:29:06 [main] ERROR MaterialOutwardReturnable_FC_Test - Material Outward Returnable form creation test failed.
org.openqa.selenium.UnhandledAlertException: unexpected alert open: {Alert text : Please provide a signature first.}
  (Session info: chrome=153.0.8010.53): Please provide a signature first.
Build info: version: '4.47.0', revision: '9175ed9 9175ed94d83e87cc3abeb7c9fd91367d17849d35'
System info: os.name: 'Windows 11', os.arch: 'amd64', os.version: '10.0', java.version: '17.0.12'
Driver info: org.openqa.selenium.chrome.ChromeDriver
Command: [81b4064a3d2717817c4887c0e41d2f92, findElement {using=xpath, value=//button[normalize-space()='Save Signature']}]
Capabilities {acceptInsecureCerts: false, browserName: chrome, browserVersion: 153.0.8010.53, chrome: {chromedriverVersion: 153.0.8010.52 (78e5e45d4bb4..., userDataDir: C:\Users\dgowda\AppData\Loc...}, fedcm:accounts: true, goog:chromeOptions: {debuggerAddress: localhost:53193}, goog:processID: 20412, networkConnectionEnabled: false, pageLoadStrategy: normal, platformName: windows, proxy: Proxy(), se:cdp: ws://localhost:53193/devtoo..., se:cdpVersion: 153.0.8010.53, setWindowRect: true, strictFileInteractability: false, timeouts: {implicit: 0, pageLoad: 300000, script: 30000}, unhandledPromptBehavior: dismiss and notify, webauthn:extension:cmtgKey: true, webauthn:extension:credBlob: true, webauthn:extension:largeBlob: true, webauthn:extension:minPinLength: true, webauthn:extension:prf: true, webauthn:virtualAuthenticators: true}
Session ID: 81b4064a3d2717817c4887c0e41d2f92
	at org.openqa.selenium.remote.codec.w3c.W3CHttpResponseCodec.decode(W3CHttpResponseCodec.java:141)
	at org.openqa.selenium.remote.codec.w3c.W3CHttpResponseCodec.decode(W3CHttpResponseCodec.java:50)
	at org.openqa.selenium.remote.HttpCommandExecutor.execute(HttpCommandExecutor.java:196)
	at org.openqa.selenium.remote.service.DriverCommandExecutor.invokeExecute(DriverCommandExecutor.java:217)
	at org.openqa.selenium.remote.service.DriverCommandExecutor.execute(DriverCommandExecutor.java:175)
	at org.openqa.selenium.remote.RemoteWebDriver.execute(RemoteWebDriver.java:653)
	at org.openqa.selenium.remote.ElementLocation$ElementFinder$2.findElement(ElementLocation.java:173)
	at org.openqa.selenium.remote.ElementLocation.findElement(ElementLocation.java:60)
	at org.openqa.selenium.remote.RemoteWebDriver.findElement(RemoteWebDriver.java:417)
	at org.openqa.selenium.remote.RemoteWebDriver.findElement(RemoteWebDriver.java:411)
	at org.openqa.selenium.support.pagefactory.DefaultElementLocator.findElement(DefaultElementLocator.java:69)
	at org.openqa.selenium.support.pagefactory.internal.LocatingElementHandler.invoke(LocatingElementHandler.java:38)
	at jdk.proxy2/jdk.proxy2.$Proxy30.isDisplayed(Unknown Source)
	at org.openqa.selenium.support.ui.ExpectedConditions.isInvisible(ExpectedConditions.java:1663)
	at org.openqa.selenium.support.ui.ExpectedConditions$49.apply(ExpectedConditions.java:1651)
	at org.openqa.selenium.support.ui.ExpectedConditions$49.apply(ExpectedConditions.java:1647)
	at org.openqa.selenium.support.ui.FluentWait.until(FluentWait.java:210)
	at pages.NewEntryFormFields.clickBtnSaveSignature(NewEntryFormFields.java:307)
	at testcases.MaterialOutwardReturnable_FC_Test.NewEntryFormCreateTest(MaterialOutwardReturnable_FC_Test.java:176)
	at java.base/jdk.internal.reflect.NativeMethodAccessorImpl.invoke0(Native Method)
	at java.base/jdk.internal.reflect.NativeMethodAccessorImpl.invoke(NativeMethodAccessorImpl.java:77)
	at java.base/jdk.internal.reflect.DelegatingMethodAccessorImpl.invoke(DelegatingMethodAccessorImpl.java:43)
	at java.base/java.lang.reflect.Method.invoke(Method.java:568)
	at org.testng.internal.invokers.MethodInvocationHelper.invokeMethod(MethodInvocationHelper.java:141)
	at org.testng.internal.invokers.TestInvoker.invokeMethod(TestInvoker.java:697)
	at org.testng.internal.invokers.TestInvoker.invokeTestMethod(TestInvoker.java:230)
	at org.testng.internal.invokers.MethodRunner.runInSequence(MethodRunner.java:63)
	at org.testng.internal.invokers.TestInvoker$MethodInvocationAgent.invoke(TestInvoker.java:1005)
	at org.testng.internal.invokers.TestInvoker.invokeTestMethods(TestInvoker.java:203)
	at org.testng.internal.invokers.TestMethodWorker.invokeTestMethods(TestMethodWorker.java:154)
	at org.testng.internal.invokers.TestMethodWorker.run(TestMethodWorker.java:134)
	at java.base/java.util.ArrayList.forEach(ArrayList.java:1511)
	at org.testng.TestRunner.privateRun(TestRunner.java:744)
	at org.testng.TestRunner.run(TestRunner.java:616)
	at org.testng.SuiteRunner.runTest(SuiteRunner.java:421)
	at org.testng.SuiteRunner.runSequentially(SuiteRunner.java:413)
	at org.testng.SuiteRunner.privateRun(SuiteRunner.java:373)
	at org.testng.SuiteRunner.run(SuiteRunner.java:312)
	at org.testng.SuiteRunnerWorker.runSuite(SuiteRunnerWorker.java:52)
	at org.testng.SuiteRunnerWorker.run(SuiteRunnerWorker.java:95)
	at org.testng.TestNG.runSuitesSequentially(TestNG.java:1274)
	at org.testng.TestNG.runSuitesLocally(TestNG.java:1208)
	at org.testng.TestNG.runSuites(TestNG.java:1112)
	at org.testng.TestNG.run(TestNG.java:1079)
	at com.intellij.rt.testng.IDEARemoteTestNG.run(IDEARemoteTestNG.java:66)
	at com.intellij.rt.testng.RemoteTestNGStarter.main(RemoteTestNGStarter.java:105)
2026-09-27 14:29:06 [main] INFO  Base - ===== Starting Test Teardown =====
2026-09-27 14:29:06 [main] ERROR Base - Test failed: NewEntryFormCreateTest
2026-09-27 14:29:06 [main] ERROR Base - Test failure reason: unexpected alert open: {Alert text : Please provide a signature first.}
  (Session info: chrome=153.0.8010.53): Please provide a signature first.
Build info: version: '4.47.0', revision: '9175ed9 9175ed94d83e87cc3abeb7c9fd91367d17849d35'
System info: os.name: 'Windows 11', os.arch: 'amd64', os.version: '10.0', java.version: '17.0.12'
Driver info: org.openqa.selenium.chrome.ChromeDriver
Command: [81b4064a3d2717817c4887c0e41d2f92, findElement {using=xpath, value=//button[normalize-space()='Save Signature']}]
Capabilities {acceptInsecureCerts: false, browserName: chrome, browserVersion: 153.0.8010.53, chrome: {chromedriverVersion: 153.0.8010.52 (78e5e45d4bb4..., userDataDir: C:\Users\dgowda\AppData\Loc...}, fedcm:accounts: true, goog:chromeOptions: {debuggerAddress: localhost:53193}, goog:processID: 20412, networkConnectionEnabled: false, pageLoadStrategy: normal, platformName: windows, proxy: Proxy(), se:cdp: ws://localhost:53193/devtoo..., se:cdpVersion: 153.0.8010.53, setWindowRect: true, strictFileInteractability: false, timeouts: {implicit: 0, pageLoad: 300000, script: 30000}, unhandledPromptBehavior: dismiss and notify, webauthn:extension:cmtgKey: true, webauthn:extension:credBlob: true, webauthn:extension:largeBlob: true, webauthn:extension:minPinLength: true, webauthn:extension:prf: true, webauthn:virtualAuthenticators: true}
Session ID: 81b4064a3d2717817c4887c0e41d2f92
2026-09-27 14:29:06 [main] INFO  Base - Capturing failure screenshot for test: NewEntryFormCreateTest
2026-09-27 14:29:06 [main] INFO  ScreenshotUtil - Capturing screenshot for test: NewEntryFormCreateTest
2026-09-27 14:29:06 [main] INFO  ScreenshotUtil - Screenshot captured successfully: D:\AmazonProject\Mystuffs\Selenium with Java\DOR POM\test-output\screenshots\NewEntryFormCreateTest_27092026_142906.png
2026-09-27 14:29:06 [main] INFO  Base - Failure screenshot attached to Extent Report.
2026-09-27 14:29:06 [main] INFO  Base - Closing browser.
2026-09-27 14:29:06 [main] INFO  Base - ===== Test Teardown Completed =====
2026-09-27 14:29:06 [main] INFO  Base - ===== Flushing Extent Report =====
2026-09-27 14:29:07 [main] INFO  Base - Extent Report generated successfully.
2026-09-27 14:38:52 [main] INFO  ExtentReportManager - Initializing Extent Report.
2026-09-27 14:38:53 [main] INFO  ExtentReportManager - Extent Report initialized successfully.
2026-09-27 14:38:53 [main] INFO  Utils - [TestNG] Running:
  C:\Users\dgowda\AppData\Local\JetBrains\IdeaIC2023.2\temp-testng-customsuite.xml

2026-09-27 14:38:53 [main] INFO  Base - ===== Starting Test Setup =====
2026-09-27 14:38:53 [main] INFO  Base - Initializing Chrome browser.
2026-09-27 14:38:55 [main] INFO  Base - Maximizing browser window.
2026-09-27 14:38:55 [main] INFO  Base - Opening application URL.
2026-09-27 14:38:58 [main] INFO  Base - Browser setup completed successfully.
2026-09-27 14:38:58 [main] INFO  Base - ===== Test Setup Completed =====
2026-09-27 14:38:58 [main] INFO  BaseLogin - ===== Starting DOR Login =====
2026-09-27 14:38:58 [main] INFO  BaseLogin - Entering DOR User ID.
2026-09-27 14:38:58 [main] INFO  Login - Entering User ID.
2026-09-27 14:39:00 [main] INFO  BaseLogin - Entering DOR password.
2026-09-27 14:39:00 [main] INFO  Login - Entering password.
2026-09-27 14:39:00 [main] INFO  BaseLogin - Clicking DOR Sign In button.
2026-09-27 14:39:00 [main] INFO  Login - Clicking Sign In button.
2026-09-27 14:39:00 [main] INFO  BaseLogin - DOR login completed successfully.
2026-09-27 14:39:00 [main] INFO  BaseLogin - ===== DOR Login Completed =====
2026-09-27 14:39:01 [main] INFO  MaterialOutwardReturnable_FC_Test - =================================================
2026-09-27 14:39:01 [main] INFO  MaterialOutwardReturnable_FC_Test - Starting Material Outward Returnable form creation test.
2026-09-27 14:39:01 [main] INFO  MaterialOutwardReturnable_FC_Test - =================================================
2026-09-27 14:39:01 [main] INFO  MaterialOutwardReturnable_FC_Test - Opening Register module.
2026-09-27 14:39:01 [main] INFO  Registers - Opening Registers module.
2026-09-27 14:39:03 [main] INFO  Registers - Registers module opened successfully.
2026-09-27 14:39:04 [main] INFO  MaterialOutwardReturnable_FC_Test - Register module opened successfully.
2026-09-27 14:39:04 [main] INFO  MaterialOutwardReturnable_FC_Test - Selecting vertical: Fulfillment Center
2026-09-27 14:39:04 [main] INFO  Registers - Selecting vertical: Fulfillment Center
2026-09-27 14:39:05 [main] INFO  Registers - Successfully selected vertical: Fulfillment Center
2026-09-27 14:39:06 [main] INFO  MaterialOutwardReturnable_FC_Test - Selecting site: BOM7
2026-09-27 14:39:06 [main] INFO  Registers - Selecting site: BOM7
2026-09-27 14:39:06 [main] INFO  Registers - Successfully selected site: BOM7
2026-09-27 14:39:06 [main] INFO  MaterialOutwardReturnable_FC_Test - Opening Material Outward Register (Returnable).
2026-09-27 14:39:06 [main] INFO  NewEntryFormFields - Opening Material Outward Register (Returnable).
2026-09-27 14:39:06 [main] INFO  NewEntryFormFields - Material Outward Register (Returnable) opened successfully.
2026-09-27 14:39:06 [main] INFO  MaterialOutwardReturnable_FC_Test - Selected form name confirmation
2026-09-27 14:39:06 [main] INFO  NewEntryFormFields - Waiting for form creation success message.
2026-09-27 14:39:06 [main] INFO  NewEntryFormFields - Success message received: Material Outward Register (Returnable)
2026-09-27 14:39:06 [main] INFO  MaterialOutwardReturnable_FC_Test - Opening New Entry form.
2026-09-27 14:39:06 [main] INFO  NewEntryFormFields - Clicking New Entry.
2026-09-27 14:39:06 [main] INFO  NewEntryFormFields - New Entry form opened successfully.
2026-09-27 14:39:06 [main] INFO  MaterialOutwardReturnable_FC_Test - Selected form name confirmation Inside the selected form
2026-09-27 14:39:06 [main] INFO  NewEntryFormFields - Waiting for form creation success message.
2026-09-27 14:39:06 [main] INFO  NewEntryFormFields - Success message received: Material Outward Register (Returnable)
2026-09-27 14:39:06 [main] INFO  NewEntryFormFields - Selecting form date: 12 Aug 2026
2026-09-27 14:39:09 [main] INFO  NewEntryFormFields - Form date selected successfully. Value: 8/12/2026
2026-09-27 14:39:09 [main] INFO  MaterialOutwardReturnable_FC_Test - Entering GP Number.
2026-09-27 14:39:09 [main] INFO  NewEntryFormFields - Entering GP Number: 12345
2026-09-27 14:39:09 [main] INFO  NewEntryFormFields - GP Number entered successfully.
2026-09-27 14:39:10 [main] INFO  NewEntryFormFields - Selecting date and time: 12 Oct 2026 18:30
2026-09-27 14:39:11 [main] INFO  TimePicker - Selecting time: 18:30
2026-09-27 14:39:11 [main] INFO  TimePicker - Current time: 14:39
2026-09-27 14:39:12 [main] INFO  TimePicker - Time selected successfully: 18:30
2026-09-27 14:39:12 [main] INFO  NewEntryFormFields - Date and time selected successfully.
2026-09-27 14:39:12 [main] INFO  NewEntryFormFields - Clicking Set button for date and time.
2026-09-27 14:39:12 [main] INFO  NewEntryFormFields - Date and time set successfully.
2026-09-27 14:39:12 [main] INFO  NewEntryFormFields - Entering material description.
2026-09-27 14:39:13 [main] INFO  NewEntryFormFields - Material description entered successfully.
2026-09-27 14:39:13 [main] INFO  NewEntryFormFields - Entering material denomination.
2026-09-27 14:39:13 [main] INFO  NewEntryFormFields - Material denomination entered successfully.
2026-09-27 14:39:13 [main] INFO  NewEntryFormFields - Entering material quantity.
2026-09-27 14:39:13 [main] INFO  NewEntryFormFields - Material quantity entered successfully.
2026-09-27 14:39:13 [main] INFO  NewEntryFormFields - Entering material sent to address.
2026-09-27 14:39:13 [main] INFO  NewEntryFormFields - Material sent to address entered successfully.
2026-09-27 14:39:14 [main] INFO  NewEntryFormFields - Entering authorised person's name.
2026-09-27 14:39:14 [main] INFO  NewEntryFormFields - Authorised person's name entered successfully.
2026-09-27 14:39:14 [main] INFO  MaterialOutwardReturnable_FC_Test - Opening Signature Pad 1.
2026-09-27 14:39:14 [main] INFO  NewEntryFormFields - Opening Signature Pad 1.
2026-09-27 14:39:14 [main] INFO  NewEntryFormFields - Signature Pad 1 opened successfully.
2026-09-27 14:39:14 [main] INFO  NewEntryFormFields - Waiting for signature canvas.
2026-09-27 14:39:14 [main] INFO  NewEntryFormFields - Drawing signature.
2026-09-27 14:39:15 [main] INFO  SignaturePad - Starting signature drawing.
2026-09-27 14:39:27 [main] INFO  SignaturePad - Three-stroke signature drawn successfully.
2026-09-27 14:39:27 [main] INFO  NewEntryFormFields - Signature drawn successfully.
2026-09-27 14:39:47 [main] ERROR MaterialOutwardReturnable_FC_Test - Material Outward Returnable form creation test failed.
org.openqa.selenium.TimeoutException: Expected condition failed: waiting for element to be clickable, but the element null.
(tried for 20 seconds with 500 milliseconds interval)
	at org.openqa.selenium.support.ui.WebDriverWait.timeoutException(WebDriverWait.java:85)
	at org.openqa.selenium.support.ui.FluentWait.until(FluentWait.java:234)
	at pages.NewEntryFormFields.signOnPad(NewEntryFormFields.java:287)
	at testcases.MaterialOutwardReturnable_FC_Test.NewEntryFormCreateTest(MaterialOutwardReturnable_FC_Test.java:175)
	at java.base/jdk.internal.reflect.NativeMethodAccessorImpl.invoke0(Native Method)
	at java.base/jdk.internal.reflect.NativeMethodAccessorImpl.invoke(NativeMethodAccessorImpl.java:77)
	at java.base/jdk.internal.reflect.DelegatingMethodAccessorImpl.invoke(DelegatingMethodAccessorImpl.java:43)
	at java.base/java.lang.reflect.Method.invoke(Method.java:568)
	at org.testng.internal.invokers.MethodInvocationHelper.invokeMethod(MethodInvocationHelper.java:141)
	at org.testng.internal.invokers.TestInvoker.invokeMethod(TestInvoker.java:697)
	at org.testng.internal.invokers.TestInvoker.invokeTestMethod(TestInvoker.java:230)
	at org.testng.internal.invokers.MethodRunner.runInSequence(MethodRunner.java:63)
	at org.testng.internal.invokers.TestInvoker$MethodInvocationAgent.invoke(TestInvoker.java:1005)
	at org.testng.internal.invokers.TestInvoker.invokeTestMethods(TestInvoker.java:203)
	at org.testng.internal.invokers.TestMethodWorker.invokeTestMethods(TestMethodWorker.java:154)
	at org.testng.internal.invokers.TestMethodWorker.run(TestMethodWorker.java:134)
	at java.base/java.util.ArrayList.forEach(ArrayList.java:1511)
	at org.testng.TestRunner.privateRun(TestRunner.java:744)
	at org.testng.TestRunner.run(TestRunner.java:616)
	at org.testng.SuiteRunner.runTest(SuiteRunner.java:421)
	at org.testng.SuiteRunner.runSequentially(SuiteRunner.java:413)
	at org.testng.SuiteRunner.privateRun(SuiteRunner.java:373)
	at org.testng.SuiteRunner.run(SuiteRunner.java:312)
	at org.testng.SuiteRunnerWorker.runSuite(SuiteRunnerWorker.java:52)
	at org.testng.SuiteRunnerWorker.run(SuiteRunnerWorker.java:95)
	at org.testng.TestNG.runSuitesSequentially(TestNG.java:1274)
	at org.testng.TestNG.runSuitesLocally(TestNG.java:1208)
	at org.testng.TestNG.runSuites(TestNG.java:1112)
	at org.testng.TestNG.run(TestNG.java:1079)
	at com.intellij.rt.testng.IDEARemoteTestNG.run(IDEARemoteTestNG.java:66)
	at com.intellij.rt.testng.RemoteTestNGStarter.main(RemoteTestNGStarter.java:105)
Caused by: org.openqa.selenium.NoSuchWindowException: no such window: target window already closed
from unknown error: web view not found
  (Session info: chrome=153.0.8010.53)
Build info: version: '4.47.0', revision: '9175ed9 9175ed94d83e87cc3abeb7c9fd91367d17849d35'
System info: os.name: 'Windows 11', os.arch: 'amd64', os.version: '10.0', java.version: '17.0.12'
Driver info: org.openqa.selenium.chrome.ChromeDriver
Command: [baf08d40df2330de22773a6c506e2538, findElement {using=xpath, value=//button[normalize-space()='Save Signature']}]
Capabilities {acceptInsecureCerts: false, browserName: chrome, browserVersion: 153.0.8010.53, chrome: {chromedriverVersion: 153.0.8010.52 (78e5e45d4bb4..., userDataDir: C:\Users\dgowda\AppData\Loc...}, fedcm:accounts: true, goog:chromeOptions: {debuggerAddress: localhost:52654}, goog:processID: 5232, networkConnectionEnabled: false, pageLoadStrategy: normal, platformName: windows, proxy: Proxy(), se:cdp: ws://localhost:52654/devtoo..., se:cdpVersion: 153.0.8010.53, setWindowRect: true, strictFileInteractability: false, timeouts: {implicit: 0, pageLoad: 300000, script: 30000}, unhandledPromptBehavior: dismiss and notify, webauthn:extension:cmtgKey: true, webauthn:extension:credBlob: true, webauthn:extension:largeBlob: true, webauthn:extension:minPinLength: true, webauthn:extension:prf: true, webauthn:virtualAuthenticators: true}
Session ID: baf08d40df2330de22773a6c506e2538
	at org.openqa.selenium.remote.ErrorCodec.decode(ErrorCodec.java:169)
	at org.openqa.selenium.remote.codec.w3c.W3CHttpResponseCodec.decode(W3CHttpResponseCodec.java:143)
	at org.openqa.selenium.remote.codec.w3c.W3CHttpResponseCodec.decode(W3CHttpResponseCodec.java:50)
	at org.openqa.selenium.remote.HttpCommandExecutor.execute(HttpCommandExecutor.java:196)
	at org.openqa.selenium.remote.service.DriverCommandExecutor.invokeExecute(DriverCommandExecutor.java:217)
	at org.openqa.selenium.remote.service.DriverCommandExecutor.execute(DriverCommandExecutor.java:175)
	at org.openqa.selenium.remote.RemoteWebDriver.execute(RemoteWebDriver.java:653)
	at org.openqa.selenium.remote.ElementLocation$ElementFinder$2.findElement(ElementLocation.java:173)
	at org.openqa.selenium.remote.ElementLocation.findElement(ElementLocation.java:60)
	at org.openqa.selenium.remote.RemoteWebDriver.findElement(RemoteWebDriver.java:417)
	at org.openqa.selenium.remote.RemoteWebDriver.findElement(RemoteWebDriver.java:411)
	at org.openqa.selenium.support.pagefactory.DefaultElementLocator.findElement(DefaultElementLocator.java:69)
	at org.openqa.selenium.support.pagefactory.internal.LocatingElementHandler.invoke(LocatingElementHandler.java:38)
	at jdk.proxy2/jdk.proxy2.$Proxy30.isDisplayed(Unknown Source)
	at org.openqa.selenium.support.ui.ExpectedConditions$23.apply(ExpectedConditions.java:793)
	at org.openqa.selenium.support.ui.ExpectedConditions$23.apply(ExpectedConditions.java:786)
	at org.openqa.selenium.support.ui.FluentWait.until(FluentWait.java:210)
	... 29 more
2026-09-27 14:39:47 [main] INFO  Base - ===== Starting Test Teardown =====
2026-09-27 14:39:47 [main] ERROR Base - Test failed: NewEntryFormCreateTest
2026-09-27 14:39:47 [main] ERROR Base - Test failure reason: Expected condition failed: waiting for element to be clickable, but the element null.
(tried for 20 seconds with 500 milliseconds interval)
2026-09-27 14:39:47 [main] INFO  Base - Capturing failure screenshot for test: NewEntryFormCreateTest
2026-09-27 14:39:47 [main] INFO  ScreenshotUtil - Capturing screenshot for test: NewEntryFormCreateTest
2026-09-27 14:39:47 [main] ERROR ScreenshotUtil - Unexpected error while capturing screenshot for test: NewEntryFormCreateTest
org.openqa.selenium.NoSuchWindowException: no such window: target window already closed
from unknown error: web view not found
  (Session info: chrome=153.0.8010.53)
Build info: version: '4.47.0', revision: '9175ed9 9175ed94d83e87cc3abeb7c9fd91367d17849d35'
System info: os.name: 'Windows 11', os.arch: 'amd64', os.version: '10.0', java.version: '17.0.12'
Driver info: org.openqa.selenium.chrome.ChromeDriver
Command: [baf08d40df2330de22773a6c506e2538, screenshot {}]
Capabilities {acceptInsecureCerts: false, browserName: chrome, browserVersion: 153.0.8010.53, chrome: {chromedriverVersion: 153.0.8010.52 (78e5e45d4bb4..., userDataDir: C:\Users\dgowda\AppData\Loc...}, fedcm:accounts: true, goog:chromeOptions: {debuggerAddress: localhost:52654}, goog:processID: 5232, networkConnectionEnabled: false, pageLoadStrategy: normal, platformName: windows, proxy: Proxy(), se:cdp: ws://localhost:52654/devtoo..., se:cdpVersion: 153.0.8010.53, setWindowRect: true, strictFileInteractability: false, timeouts: {implicit: 0, pageLoad: 300000, script: 30000}, unhandledPromptBehavior: dismiss and notify, webauthn:extension:cmtgKey: true, webauthn:extension:credBlob: true, webauthn:extension:largeBlob: true, webauthn:extension:minPinLength: true, webauthn:extension:prf: true, webauthn:virtualAuthenticators: true}
Session ID: baf08d40df2330de22773a6c506e2538
	at org.openqa.selenium.remote.ErrorCodec.decode(ErrorCodec.java:169)
	at org.openqa.selenium.remote.codec.w3c.W3CHttpResponseCodec.decode(W3CHttpResponseCodec.java:143)
	at org.openqa.selenium.remote.codec.w3c.W3CHttpResponseCodec.decode(W3CHttpResponseCodec.java:50)
	at org.openqa.selenium.remote.HttpCommandExecutor.execute(HttpCommandExecutor.java:196)
	at org.openqa.selenium.remote.service.DriverCommandExecutor.invokeExecute(DriverCommandExecutor.java:217)
	at org.openqa.selenium.remote.service.DriverCommandExecutor.execute(DriverCommandExecutor.java:175)
	at org.openqa.selenium.remote.RemoteWebDriver.execute(RemoteWebDriver.java:653)
	at org.openqa.selenium.remote.RemoteWebDriver.execute(RemoteWebDriver.java:735)
	at org.openqa.selenium.remote.RemoteWebDriver.execute(RemoteWebDriver.java:739)
	at org.openqa.selenium.remote.RemoteWebDriver.getScreenshotAs(RemoteWebDriver.java:383)
	at utilities.ScreenshotUtil.takeScreenshot(ScreenshotUtil.java:60)
	at base.Base.teardown(Base.java:110)
	at java.base/jdk.internal.reflect.NativeMethodAccessorImpl.invoke0(Native Method)
	at java.base/jdk.internal.reflect.NativeMethodAccessorImpl.invoke(NativeMethodAccessorImpl.java:77)
	at java.base/jdk.internal.reflect.DelegatingMethodAccessorImpl.invoke(DelegatingMethodAccessorImpl.java:43)
	at java.base/java.lang.reflect.Method.invoke(Method.java:568)
	at org.testng.internal.invokers.MethodInvocationHelper.invokeMethod(MethodInvocationHelper.java:141)
	at org.testng.internal.invokers.MethodInvocationHelper.invokeMethodConsideringTimeout(MethodInvocationHelper.java:71)
	at org.testng.internal.invokers.ConfigInvoker.invokeConfigurationMethod(ConfigInvoker.java:400)
	at org.testng.internal.invokers.ConfigInvoker.invokeConfigurations(ConfigInvoker.java:333)
	at org.testng.internal.invokers.TestInvoker.runConfigMethods(TestInvoker.java:846)
	at org.testng.internal.invokers.TestInvoker.runAfterConfigurations(TestInvoker.java:815)
	at org.testng.internal.invokers.TestInvoker.invokeMethod(TestInvoker.java:791)
	at org.testng.internal.invokers.TestInvoker.invokeTestMethod(TestInvoker.java:230)
	at org.testng.internal.invokers.MethodRunner.runInSequence(MethodRunner.java:63)
	at org.testng.internal.invokers.TestInvoker$MethodInvocationAgent.invoke(TestInvoker.java:1005)
	at org.testng.internal.invokers.TestInvoker.invokeTestMethods(TestInvoker.java:203)
	at org.testng.internal.invokers.TestMethodWorker.invokeTestMethods(TestMethodWorker.java:154)
	at org.testng.internal.invokers.TestMethodWorker.run(TestMethodWorker.java:134)
	at java.base/java.util.ArrayList.forEach(ArrayList.java:1511)
	at org.testng.TestRunner.privateRun(TestRunner.java:744)
	at org.testng.TestRunner.run(TestRunner.java:616)
	at org.testng.SuiteRunner.runTest(SuiteRunner.java:421)
	at org.testng.SuiteRunner.runSequentially(SuiteRunner.java:413)
	at org.testng.SuiteRunner.privateRun(SuiteRunner.java:373)
	at org.testng.SuiteRunner.run(SuiteRunner.java:312)
	at org.testng.SuiteRunnerWorker.runSuite(SuiteRunnerWorker.java:52)
	at org.testng.SuiteRunnerWorker.run(SuiteRunnerWorker.java:95)
	at org.testng.TestNG.runSuitesSequentially(TestNG.java:1274)
	at org.testng.TestNG.runSuitesLocally(TestNG.java:1208)
	at org.testng.TestNG.runSuites(TestNG.java:1112)
	at org.testng.TestNG.run(TestNG.java:1079)
	at com.intellij.rt.testng.IDEARemoteTestNG.run(IDEARemoteTestNG.java:66)
	at com.intellij.rt.testng.RemoteTestNGStarter.main(RemoteTestNGStarter.java:105)
2026-09-27 14:39:47 [main] ERROR Base - Error occurred during test teardown.
java.lang.RuntimeException: Unexpected error while capturing screenshot for: NewEntryFormCreateTest
	at utilities.ScreenshotUtil.takeScreenshot(ScreenshotUtil.java:78)
	at base.Base.teardown(Base.java:110)
	at java.base/jdk.internal.reflect.NativeMethodAccessorImpl.invoke0(Native Method)
	at java.base/jdk.internal.reflect.NativeMethodAccessorImpl.invoke(NativeMethodAccessorImpl.java:77)
	at java.base/jdk.internal.reflect.DelegatingMethodAccessorImpl.invoke(DelegatingMethodAccessorImpl.java:43)
	at java.base/java.lang.reflect.Method.invoke(Method.java:568)
	at org.testng.internal.invokers.MethodInvocationHelper.invokeMethod(MethodInvocationHelper.java:141)
	at org.testng.internal.invokers.MethodInvocationHelper.invokeMethodConsideringTimeout(MethodInvocationHelper.java:71)
	at org.testng.internal.invokers.ConfigInvoker.invokeConfigurationMethod(ConfigInvoker.java:400)
	at org.testng.internal.invokers.ConfigInvoker.invokeConfigurations(ConfigInvoker.java:333)
	at org.testng.internal.invokers.TestInvoker.runConfigMethods(TestInvoker.java:846)
	at org.testng.internal.invokers.TestInvoker.runAfterConfigurations(TestInvoker.java:815)
	at org.testng.internal.invokers.TestInvoker.invokeMethod(TestInvoker.java:791)
	at org.testng.internal.invokers.TestInvoker.invokeTestMethod(TestInvoker.java:230)
	at org.testng.internal.invokers.MethodRunner.runInSequence(MethodRunner.java:63)
	at org.testng.internal.invokers.TestInvoker$MethodInvocationAgent.invoke(TestInvoker.java:1005)
	at org.testng.internal.invokers.TestInvoker.invokeTestMethods(TestInvoker.java:203)
	at org.testng.internal.invokers.TestMethodWorker.invokeTestMethods(TestMethodWorker.java:154)
	at org.testng.internal.invokers.TestMethodWorker.run(TestMethodWorker.java:134)
	at java.base/java.util.ArrayList.forEach(ArrayList.java:1511)
	at org.testng.TestRunner.privateRun(TestRunner.java:744)
	at org.testng.TestRunner.run(TestRunner.java:616)
	at org.testng.SuiteRunner.runTest(SuiteRunner.java:421)
	at org.testng.SuiteRunner.runSequentially(SuiteRunner.java:413)
	at org.testng.SuiteRunner.privateRun(SuiteRunner.java:373)
	at org.testng.SuiteRunner.run(SuiteRunner.java:312)
	at org.testng.SuiteRunnerWorker.runSuite(SuiteRunnerWorker.java:52)
	at org.testng.SuiteRunnerWorker.run(SuiteRunnerWorker.java:95)
	at org.testng.TestNG.runSuitesSequentially(TestNG.java:1274)
	at org.testng.TestNG.runSuitesLocally(TestNG.java:1208)
	at org.testng.TestNG.runSuites(TestNG.java:1112)
	at org.testng.TestNG.run(TestNG.java:1079)
	at com.intellij.rt.testng.IDEARemoteTestNG.run(IDEARemoteTestNG.java:66)
	at com.intellij.rt.testng.RemoteTestNGStarter.main(RemoteTestNGStarter.java:105)
Caused by: org.openqa.selenium.NoSuchWindowException: no such window: target window already closed
from unknown error: web view not found
  (Session info: chrome=153.0.8010.53)
Build info: version: '4.47.0', revision: '9175ed9 9175ed94d83e87cc3abeb7c9fd91367d17849d35'
System info: os.name: 'Windows 11', os.arch: 'amd64', os.version: '10.0', java.version: '17.0.12'
Driver info: org.openqa.selenium.chrome.ChromeDriver
Command: [baf08d40df2330de22773a6c506e2538, screenshot {}]
Capabilities {acceptInsecureCerts: false, browserName: chrome, browserVersion: 153.0.8010.53, chrome: {chromedriverVersion: 153.0.8010.52 (78e5e45d4bb4..., userDataDir: C:\Users\dgowda\AppData\Loc...}, fedcm:accounts: true, goog:chromeOptions: {debuggerAddress: localhost:52654}, goog:processID: 5232, networkConnectionEnabled: false, pageLoadStrategy: normal, platformName: windows, proxy: Proxy(), se:cdp: ws://localhost:52654/devtoo..., se:cdpVersion: 153.0.8010.53, setWindowRect: true, strictFileInteractability: false, timeouts: {implicit: 0, pageLoad: 300000, script: 30000}, unhandledPromptBehavior: dismiss and notify, webauthn:extension:cmtgKey: true, webauthn:extension:credBlob: true, webauthn:extension:largeBlob: true, webauthn:extension:minPinLength: true, webauthn:extension:prf: true, webauthn:virtualAuthenticators: true}
Session ID: baf08d40df2330de22773a6c506e2538
	at org.openqa.selenium.remote.ErrorCodec.decode(ErrorCodec.java:169)
	at org.openqa.selenium.remote.codec.w3c.W3CHttpResponseCodec.decode(W3CHttpResponseCodec.java:143)
	at org.openqa.selenium.remote.codec.w3c.W3CHttpResponseCodec.decode(W3CHttpResponseCodec.java:50)
	at org.openqa.selenium.remote.HttpCommandExecutor.execute(HttpCommandExecutor.java:196)
	at org.openqa.selenium.remote.service.DriverCommandExecutor.invokeExecute(DriverCommandExecutor.java:217)
	at org.openqa.selenium.remote.service.DriverCommandExecutor.execute(DriverCommandExecutor.java:175)
	at org.openqa.selenium.remote.RemoteWebDriver.execute(RemoteWebDriver.java:653)
	at org.openqa.selenium.remote.RemoteWebDriver.execute(RemoteWebDriver.java:735)
	at org.openqa.selenium.remote.RemoteWebDriver.execute(RemoteWebDriver.java:739)
	at org.openqa.selenium.remote.RemoteWebDriver.getScreenshotAs(RemoteWebDriver.java:383)
	at utilities.ScreenshotUtil.takeScreenshot(ScreenshotUtil.java:60)
	... 33 more
2026-09-27 14:39:47 [main] INFO  Base - Closing browser.
2026-09-27 14:39:47 [main] INFO  Base - ===== Test Teardown Completed =====
2026-09-27 14:39:47 [main] INFO  Base - ===== Flushing Extent Report =====
2026-09-27 14:39:47 [main] INFO  Base - Extent Report generated successfully.
2026-09-27 16:00:17 [main] INFO  ExtentReportManager - Initializing Extent Report.
2026-09-27 16:00:17 [main] INFO  ExtentReportManager - Extent Report initialized successfully.
2026-09-27 16:00:17 [main] INFO  Utils - [TestNG] Running:
  C:\Users\dgowda\AppData\Local\JetBrains\IdeaIC2023.2\temp-testng-customsuite.xml

2026-09-27 16:00:17 [main] INFO  Base - ===== Starting Test Setup =====
2026-09-27 16:00:17 [main] INFO  Base - Initializing Chrome browser.
2026-09-27 16:00:21 [main] INFO  Base - Maximizing browser window.
2026-09-27 16:00:21 [main] INFO  Base - Opening application URL.
2026-09-27 16:00:23 [main] INFO  Base - Browser setup completed successfully.
2026-09-27 16:00:23 [main] INFO  Base - ===== Test Setup Completed =====
2026-09-27 16:00:23 [main] INFO  BaseLogin - ===== Starting DOR Login =====
2026-09-27 16:00:23 [main] INFO  BaseLogin - Entering DOR User ID.
2026-09-27 16:00:23 [main] INFO  Login - Entering User ID.
2026-09-27 16:00:24 [main] INFO  BaseLogin - Entering DOR password.
2026-09-27 16:00:24 [main] INFO  Login - Entering password.
2026-09-27 16:00:24 [main] INFO  BaseLogin - Clicking DOR Sign In button.
2026-09-27 16:00:24 [main] INFO  Login - Clicking Sign In button.
2026-09-27 16:00:24 [main] INFO  BaseLogin - DOR login completed successfully.
2026-09-27 16:00:24 [main] INFO  BaseLogin - ===== DOR Login Completed =====
2026-09-27 16:00:45 [main] INFO  Base - ===== Starting Test Teardown =====
2026-09-27 16:00:45 [main] ERROR Base - Test failed: verifyCreatedFormDateTest
2026-09-27 16:00:45 [main] ERROR Base - Test failure reason: Expected condition failed: waiting for visibility of Proxy element for: DefaultElementLocator 'By.xpath: (//span[@class='lf-date-badge'])[1]'
(tried for 20 seconds with 500 milliseconds interval)
2026-09-27 16:00:45 [main] INFO  Base - Closing browser.
2026-09-27 16:00:45 [main] INFO  Base - ===== Test Teardown Completed =====
2026-09-27 16:00:45 [main] INFO  Base - ===== Flushing Extent Report =====
2026-09-27 16:00:45 [main] INFO  Base - Extent Report generated successfully.
2026-09-27 16:02:53 [main] INFO  ExtentReportManager - Initializing Extent Report.
2026-09-27 16:02:54 [main] INFO  ExtentReportManager - Extent Report initialized successfully.
2026-09-27 16:02:54 [main] INFO  Utils - [TestNG] Running:
  C:\Users\dgowda\AppData\Local\JetBrains\IdeaIC2023.2\temp-testng-customsuite.xml

2026-09-27 16:02:54 [main] INFO  Base - ===== Starting Test Setup =====
2026-09-27 16:02:54 [main] INFO  Base - Initializing Chrome browser.
2026-09-27 16:02:56 [main] INFO  Base - Maximizing browser window.
2026-09-27 16:02:56 [main] INFO  Base - Opening application URL.
2026-09-27 16:02:58 [main] INFO  Base - Browser setup completed successfully.
2026-09-27 16:02:58 [main] INFO  Base - ===== Test Setup Completed =====
2026-09-27 16:02:58 [main] INFO  BaseLogin - ===== Starting DOR Login =====
2026-09-27 16:02:58 [main] INFO  BaseLogin - Entering DOR User ID.
2026-09-27 16:02:58 [main] INFO  Login - Entering User ID.
2026-09-27 16:02:59 [main] INFO  BaseLogin - Entering DOR password.
2026-09-27 16:02:59 [main] INFO  Login - Entering password.
2026-09-27 16:02:59 [main] INFO  BaseLogin - Clicking DOR Sign In button.
2026-09-27 16:02:59 [main] INFO  Login - Clicking Sign In button.
2026-09-27 16:02:59 [main] INFO  BaseLogin - DOR login completed successfully.
2026-09-27 16:02:59 [main] INFO  BaseLogin - ===== DOR Login Completed =====
2026-09-27 16:02:59 [main] INFO  MaterialOutwardReturnable_FC_Test - Opening Register module.
2026-09-27 16:02:59 [main] INFO  Base - ===== Starting Test Teardown =====
2026-09-27 16:02:59 [main] ERROR Base - Test failed: verifyCreatedFormDateTest
2026-09-27 16:02:59 [main] ERROR Base - Test failure reason: Cannot invoke "com.aventstack.extentreports.ExtentTest.info(String)" because "this.test" is null
2026-09-27 16:02:59 [main] INFO  Base - Closing browser.
2026-09-27 16:02:59 [main] INFO  Base - ===== Test Teardown Completed =====
2026-09-27 16:02:59 [main] INFO  Base - ===== Flushing Extent Report =====
2026-09-27 16:02:59 [main] INFO  Base - Extent Report generated successfully.
2026-09-27 16:05:17 [main] INFO  ExtentReportManager - Initializing Extent Report.
2026-09-27 16:05:17 [main] INFO  ExtentReportManager - Extent Report initialized successfully.
2026-09-27 16:05:17 [main] INFO  Utils - [TestNG] Running:
  C:\Users\dgowda\AppData\Local\JetBrains\IdeaIC2023.2\temp-testng-customsuite.xml

2026-09-27 16:05:17 [main] INFO  Base - ===== Starting Test Setup =====
2026-09-27 16:05:17 [main] INFO  Base - Initializing Chrome browser.
2026-09-27 16:05:20 [main] INFO  Base - Maximizing browser window.
2026-09-27 16:05:20 [main] INFO  Base - Opening application URL.
2026-09-27 16:05:22 [main] INFO  Base - Browser setup completed successfully.
2026-09-27 16:05:22 [main] INFO  Base - ===== Test Setup Completed =====
2026-09-27 16:05:22 [main] INFO  BaseLogin - ===== Starting DOR Login =====
2026-09-27 16:05:22 [main] INFO  BaseLogin - Entering DOR User ID.
2026-09-27 16:05:22 [main] INFO  Login - Entering User ID.
2026-09-27 16:05:23 [main] INFO  BaseLogin - Entering DOR password.
2026-09-27 16:05:23 [main] INFO  Login - Entering password.
2026-09-27 16:05:24 [main] INFO  BaseLogin - Clicking DOR Sign In button.
2026-09-27 16:05:24 [main] INFO  Login - Clicking Sign In button.
2026-09-27 16:05:24 [main] INFO  BaseLogin - DOR login completed successfully.
2026-09-27 16:05:24 [main] INFO  BaseLogin - ===== DOR Login Completed =====
2026-09-27 16:05:24 [main] INFO  MaterialOutwardReturnable_FC_Test - Opening Register module.
2026-09-27 16:05:24 [main] INFO  Base - ===== Starting Test Teardown =====
2026-09-27 16:05:24 [main] ERROR Base - Test failed: verifyCreatedFormDateTest
2026-09-27 16:05:24 [main] ERROR Base - Test failure reason: Cannot invoke "com.aventstack.extentreports.ExtentTest.info(String)" because "this.test" is null
2026-09-27 16:05:24 [main] INFO  Base - Closing browser.
2026-09-27 16:05:24 [main] INFO  Base - ===== Test Teardown Completed =====
2026-09-27 16:05:24 [main] INFO  Base - ===== Flushing Extent Report =====
2026-09-27 16:05:24 [main] INFO  Base - Extent Report generated successfully.
2026-09-27 16:08:34 [main] INFO  ExtentReportManager - Initializing Extent Report.
2026-09-27 16:08:34 [main] INFO  ExtentReportManager - Extent Report initialized successfully.
2026-09-27 16:08:34 [main] INFO  Utils - [TestNG] Running:
  C:\Users\dgowda\AppData\Local\JetBrains\IdeaIC2023.2\temp-testng-customsuite.xml

2026-09-27 16:08:34 [main] INFO  Base - ===== Starting Test Setup =====
2026-09-27 16:08:34 [main] INFO  Base - Initializing Chrome browser.
2026-09-27 16:08:37 [main] INFO  Base - Maximizing browser window.
2026-09-27 16:08:37 [main] INFO  Base - Opening application URL.
2026-09-27 16:08:39 [main] INFO  Base - Browser setup completed successfully.
2026-09-27 16:08:39 [main] INFO  Base - ===== Test Setup Completed =====
2026-09-27 16:08:39 [main] INFO  BaseLogin - ===== Starting DOR Login =====
2026-09-27 16:08:39 [main] INFO  BaseLogin - Entering DOR User ID.
2026-09-27 16:08:39 [main] INFO  Login - Entering User ID.
2026-09-27 16:08:41 [main] INFO  BaseLogin - Entering DOR password.
2026-09-27 16:08:41 [main] INFO  Login - Entering password.
2026-09-27 16:08:41 [main] INFO  BaseLogin - Clicking DOR Sign In button.
2026-09-27 16:08:41 [main] INFO  Login - Clicking Sign In button.
2026-09-27 16:08:41 [main] INFO  BaseLogin - DOR login completed successfully.
2026-09-27 16:08:41 [main] INFO  BaseLogin - ===== DOR Login Completed =====
2026-09-27 16:08:41 [main] INFO  MaterialOutwardReturnable_FC_Test - =================================================
2026-09-27 16:08:41 [main] INFO  MaterialOutwardReturnable_FC_Test - Starting Material Outward Returnable form Update test.
2026-09-27 16:08:41 [main] INFO  MaterialOutwardReturnable_FC_Test - =================================================
2026-09-27 16:08:41 [main] INFO  MaterialOutwardReturnable_FC_Test - Opening Register module.
2026-09-27 16:08:41 [main] INFO  Registers - Opening Registers module.
2026-09-27 16:08:43 [main] INFO  Registers - Registers module opened successfully.
2026-09-27 16:08:44 [main] INFO  MaterialOutwardReturnable_FC_Test - Register module opened successfully.
2026-09-27 16:08:44 [main] INFO  MaterialOutwardReturnable_FC_Test - Selecting vertical: Fulfillment Center
2026-09-27 16:08:44 [main] INFO  Registers - Selecting vertical: Fulfillment Center
2026-09-27 16:08:45 [main] INFO  Registers - Successfully selected vertical: Fulfillment Center
2026-09-27 16:08:46 [main] INFO  MaterialOutwardReturnable_FC_Test - Selecting site: BOM7
2026-09-27 16:08:46 [main] INFO  Registers - Selecting site: BOM7
2026-09-27 16:08:46 [main] INFO  Registers - Successfully selected site: BOM7
2026-09-27 16:08:46 [main] INFO  MaterialOutwardReturnable_FC_Test - Opening Material Outward Register (Returnable).
2026-09-27 16:08:46 [main] INFO  NewEntryFormFields - Opening Material Outward Register (Returnable).
2026-09-27 16:08:46 [main] INFO  NewEntryFormFields - Material Outward Register (Returnable) opened successfully.
2026-09-27 16:08:46 [main] INFO  MaterialOutwardReturnable_FC_Test - Opening View List form.
2026-09-27 16:08:46 [main] INFO  ViewListFormFields - Clicking View List.
2026-09-27 16:08:47 [main] INFO  ViewListFormFields - View List opened successfully.
2026-09-27 16:08:47 [main] INFO  NewEntryFormFields - Waiting for form creation success message.
2026-09-27 16:08:47 [main] ERROR MaterialOutwardReturnable_FC_Test - Material Outward Returnable update test failed.
org.openqa.selenium.StaleElementReferenceException: stale element reference: stale element not found in the current frame
  (Session info: chrome=153.0.8010.53)
For documentation on this error, please visit: https://www.selenium.dev/documentation/webdriver/troubleshooting/errors#staleelementreferenceexception
Build info: version: '4.47.0', revision: '9175ed9 9175ed94d83e87cc3abeb7c9fd91367d17849d35'
System info: os.name: 'Windows 11', os.arch: 'amd64', os.version: '10.0', java.version: '17.0.12'
Driver info: org.openqa.selenium.chrome.ChromeDriver
Command: [d5753f9e05d8dc308940402ac6429364, isElementDisplayed {id=f.4E72973B48BCCEF9792582FC2FCDDC30.d.CFD2FB246F6DB066E147A66F14E9924E.e.67}]
Capabilities {acceptInsecureCerts: false, browserName: chrome, browserVersion: 153.0.8010.53, chrome: {chromedriverVersion: 153.0.8010.52 (78e5e45d4bb4..., userDataDir: C:\Users\dgowda\AppData\Loc...}, fedcm:accounts: true, goog:chromeOptions: {debuggerAddress: localhost:54937}, goog:processID: 14080, networkConnectionEnabled: false, pageLoadStrategy: normal, platformName: windows, proxy: Proxy(), se:cdp: ws://localhost:54937/devtoo..., se:cdpVersion: 153.0.8010.53, setWindowRect: true, strictFileInteractability: false, timeouts: {implicit: 0, pageLoad: 300000, script: 30000}, unhandledPromptBehavior: dismiss and notify, webauthn:extension:cmtgKey: true, webauthn:extension:credBlob: true, webauthn:extension:largeBlob: true, webauthn:extension:minPinLength: true, webauthn:extension:prf: true, webauthn:virtualAuthenticators: true}
Element: [[ChromeDriver: chrome on windows (d5753f9e05d8dc308940402ac6429364)] -> xpath: //*[normalize-space()='Material Outward Register (Returnable)']]
Session ID: d5753f9e05d8dc308940402ac6429364
	at org.openqa.selenium.remote.ErrorCodec.decode(ErrorCodec.java:169)
	at org.openqa.selenium.remote.codec.w3c.W3CHttpResponseCodec.decode(W3CHttpResponseCodec.java:143)
	at org.openqa.selenium.remote.codec.w3c.W3CHttpResponseCodec.decode(W3CHttpResponseCodec.java:50)
	at org.openqa.selenium.remote.HttpCommandExecutor.execute(HttpCommandExecutor.java:196)
	at org.openqa.selenium.remote.service.DriverCommandExecutor.invokeExecute(DriverCommandExecutor.java:217)
	at org.openqa.selenium.remote.service.DriverCommandExecutor.execute(DriverCommandExecutor.java:175)
	at org.openqa.selenium.remote.RemoteWebDriver.execute(RemoteWebDriver.java:653)
	at org.openqa.selenium.remote.RemoteWebElement.execute(RemoteWebElement.java:225)
	at org.openqa.selenium.remote.RemoteWebElement.isDisplayed(RemoteWebElement.java:284)
	at java.base/jdk.internal.reflect.NativeMethodAccessorImpl.invoke0(Native Method)
	at java.base/jdk.internal.reflect.NativeMethodAccessorImpl.invoke(NativeMethodAccessorImpl.java:77)
	at java.base/jdk.internal.reflect.DelegatingMethodAccessorImpl.invoke(DelegatingMethodAccessorImpl.java:43)
	at java.base/java.lang.reflect.Method.invoke(Method.java:568)
	at org.openqa.selenium.support.pagefactory.internal.LocatingElementHandler.invoke(LocatingElementHandler.java:51)
	at jdk.proxy2/jdk.proxy2.$Proxy30.isDisplayed(Unknown Source)
	at org.openqa.selenium.support.ui.ExpectedConditions.elementIfVisible(ExpectedConditions.java:365)
	at org.openqa.selenium.support.ui.ExpectedConditions$10.apply(ExpectedConditions.java:351)
	at org.openqa.selenium.support.ui.ExpectedConditions$10.apply(ExpectedConditions.java:348)
	at org.openqa.selenium.support.ui.FluentWait.until(FluentWait.java:210)
	at pages.NewEntryFormFields.formNameConfirmation(NewEntryFormFields.java:57)
	at testcases.MaterialOutwardReturnable_FC_Test.verifyCreatedFormDateTest(MaterialOutwardReturnable_FC_Test.java:568)
	at java.base/jdk.internal.reflect.NativeMethodAccessorImpl.invoke0(Native Method)
	at java.base/jdk.internal.reflect.NativeMethodAccessorImpl.invoke(NativeMethodAccessorImpl.java:77)
	at java.base/jdk.internal.reflect.DelegatingMethodAccessorImpl.invoke(DelegatingMethodAccessorImpl.java:43)
	at java.base/java.lang.reflect.Method.invoke(Method.java:568)
	at org.testng.internal.invokers.MethodInvocationHelper.invokeMethod(MethodInvocationHelper.java:141)
	at org.testng.internal.invokers.TestInvoker.invokeMethod(TestInvoker.java:697)
	at org.testng.internal.invokers.TestInvoker.invokeTestMethod(TestInvoker.java:230)
	at org.testng.internal.invokers.MethodRunner.runInSequence(MethodRunner.java:63)
	at org.testng.internal.invokers.TestInvoker$MethodInvocationAgent.invoke(TestInvoker.java:1005)
	at org.testng.internal.invokers.TestInvoker.invokeTestMethods(TestInvoker.java:203)
	at org.testng.internal.invokers.TestMethodWorker.invokeTestMethods(TestMethodWorker.java:154)
	at org.testng.internal.invokers.TestMethodWorker.run(TestMethodWorker.java:134)
	at java.base/java.util.ArrayList.forEach(ArrayList.java:1511)
	at org.testng.TestRunner.privateRun(TestRunner.java:744)
	at org.testng.TestRunner.run(TestRunner.java:616)
	at org.testng.SuiteRunner.runTest(SuiteRunner.java:421)
	at org.testng.SuiteRunner.runSequentially(SuiteRunner.java:413)
	at org.testng.SuiteRunner.privateRun(SuiteRunner.java:373)
	at org.testng.SuiteRunner.run(SuiteRunner.java:312)
	at org.testng.SuiteRunnerWorker.runSuite(SuiteRunnerWorker.java:52)
	at org.testng.SuiteRunnerWorker.run(SuiteRunnerWorker.java:95)
	at org.testng.TestNG.runSuitesSequentially(TestNG.java:1274)
	at org.testng.TestNG.runSuitesLocally(TestNG.java:1208)
	at org.testng.TestNG.runSuites(TestNG.java:1112)
	at org.testng.TestNG.run(TestNG.java:1079)
	at com.intellij.rt.testng.IDEARemoteTestNG.run(IDEARemoteTestNG.java:66)
	at com.intellij.rt.testng.RemoteTestNGStarter.main(RemoteTestNGStarter.java:105)
2026-09-27 16:08:47 [main] INFO  Base - ===== Starting Test Teardown =====
2026-09-27 16:08:47 [main] ERROR Base - Test failed: verifyCreatedFormDateTest
2026-09-27 16:08:47 [main] ERROR Base - Test failure reason: stale element reference: stale element not found in the current frame
  (Session info: chrome=153.0.8010.53)
For documentation on this error, please visit: https://www.selenium.dev/documentation/webdriver/troubleshooting/errors#staleelementreferenceexception
Build info: version: '4.47.0', revision: '9175ed9 9175ed94d83e87cc3abeb7c9fd91367d17849d35'
System info: os.name: 'Windows 11', os.arch: 'amd64', os.version: '10.0', java.version: '17.0.12'
Driver info: org.openqa.selenium.chrome.ChromeDriver
Command: [d5753f9e05d8dc308940402ac6429364, isElementDisplayed {id=f.4E72973B48BCCEF9792582FC2FCDDC30.d.CFD2FB246F6DB066E147A66F14E9924E.e.67}]
Capabilities {acceptInsecureCerts: false, browserName: chrome, browserVersion: 153.0.8010.53, chrome: {chromedriverVersion: 153.0.8010.52 (78e5e45d4bb4..., userDataDir: C:\Users\dgowda\AppData\Loc...}, fedcm:accounts: true, goog:chromeOptions: {debuggerAddress: localhost:54937}, goog:processID: 14080, networkConnectionEnabled: false, pageLoadStrategy: normal, platformName: windows, proxy: Proxy(), se:cdp: ws://localhost:54937/devtoo..., se:cdpVersion: 153.0.8010.53, setWindowRect: true, strictFileInteractability: false, timeouts: {implicit: 0, pageLoad: 300000, script: 30000}, unhandledPromptBehavior: dismiss and notify, webauthn:extension:cmtgKey: true, webauthn:extension:credBlob: true, webauthn:extension:largeBlob: true, webauthn:extension:minPinLength: true, webauthn:extension:prf: true, webauthn:virtualAuthenticators: true}
Element: [[ChromeDriver: chrome on windows (d5753f9e05d8dc308940402ac6429364)] -> xpath: //*[normalize-space()='Material Outward Register (Returnable)']]
Session ID: d5753f9e05d8dc308940402ac6429364
2026-09-27 16:08:47 [main] INFO  Base - Capturing failure screenshot for test: verifyCreatedFormDateTest
2026-09-27 16:08:47 [main] INFO  ScreenshotUtil - Capturing screenshot for test: verifyCreatedFormDateTest
2026-09-27 16:08:47 [main] INFO  ScreenshotUtil - Screenshot captured successfully: D:\AmazonProject\Mystuffs\Selenium with Java\DOR POM\test-output\screenshots\verifyCreatedFormDateTest_27092026_160847.png
2026-09-27 16:08:47 [main] INFO  Base - Failure screenshot attached to Extent Report.
2026-09-27 16:08:47 [main] INFO  Base - Closing browser.
2026-09-27 16:08:47 [main] INFO  Base - ===== Test Teardown Completed =====
2026-09-27 16:08:47 [main] INFO  Base - ===== Flushing Extent Report =====
2026-09-27 16:08:47 [main] INFO  Base - Extent Report generated successfully.
2026-09-27 16:11:04 [main] INFO  ExtentReportManager - Initializing Extent Report.
2026-09-27 16:11:04 [main] INFO  ExtentReportManager - Extent Report initialized successfully.
2026-09-27 16:11:04 [main] INFO  Utils - [TestNG] Running:
  C:\Users\dgowda\AppData\Local\JetBrains\IdeaIC2023.2\temp-testng-customsuite.xml

2026-09-27 16:11:04 [main] INFO  Base - ===== Starting Test Setup =====
2026-09-27 16:11:04 [main] INFO  Base - Initializing Chrome browser.
2026-09-27 16:11:06 [main] INFO  Base - Maximizing browser window.
2026-09-27 16:11:06 [main] INFO  Base - Opening application URL.
2026-09-27 16:11:09 [main] INFO  Base - Browser setup completed successfully.
2026-09-27 16:11:09 [main] INFO  Base - ===== Test Setup Completed =====
2026-09-27 16:11:09 [main] INFO  BaseLogin - ===== Starting DOR Login =====
2026-09-27 16:11:09 [main] INFO  BaseLogin - Entering DOR User ID.
2026-09-27 16:11:09 [main] INFO  Login - Entering User ID.
2026-09-27 16:11:10 [main] INFO  BaseLogin - Entering DOR password.
2026-09-27 16:11:10 [main] INFO  Login - Entering password.
2026-09-27 16:11:10 [main] INFO  BaseLogin - Clicking DOR Sign In button.
2026-09-27 16:11:10 [main] INFO  Login - Clicking Sign In button.
2026-09-27 16:11:10 [main] INFO  BaseLogin - DOR login completed successfully.
2026-09-27 16:11:10 [main] INFO  BaseLogin - ===== DOR Login Completed =====
2026-09-27 16:11:10 [main] INFO  MaterialOutwardReturnable_FC_Test - =================================================
2026-09-27 16:11:10 [main] INFO  MaterialOutwardReturnable_FC_Test - Starting Material Outward Returnable form Update test.
2026-09-27 16:11:10 [main] INFO  MaterialOutwardReturnable_FC_Test - =================================================
2026-09-27 16:11:10 [main] INFO  MaterialOutwardReturnable_FC_Test - Opening Register module.
2026-09-27 16:11:10 [main] INFO  Registers - Opening Registers module.
2026-09-27 16:11:13 [main] INFO  Registers - Registers module opened successfully.
2026-09-27 16:11:14 [main] INFO  MaterialOutwardReturnable_FC_Test - Register module opened successfully.
2026-09-27 16:11:14 [main] INFO  MaterialOutwardReturnable_FC_Test - Selecting vertical: Fulfillment Center
2026-09-27 16:11:14 [main] INFO  Registers - Selecting vertical: Fulfillment Center
2026-09-27 16:11:14 [main] INFO  Registers - Successfully selected vertical: Fulfillment Center
2026-09-27 16:11:15 [main] INFO  MaterialOutwardReturnable_FC_Test - Selecting site: BOM7
2026-09-27 16:11:15 [main] INFO  Registers - Selecting site: BOM7
2026-09-27 16:11:16 [main] INFO  Registers - Successfully selected site: BOM7
2026-09-27 16:11:16 [main] INFO  MaterialOutwardReturnable_FC_Test - Opening Material Outward Register (Returnable).
2026-09-27 16:11:16 [main] INFO  NewEntryFormFields - Opening Material Outward Register (Returnable).
2026-09-27 16:11:16 [main] INFO  NewEntryFormFields - Material Outward Register (Returnable) opened successfully.
2026-09-27 16:11:16 [main] INFO  MaterialOutwardReturnable_FC_Test - Opening View List form.
2026-09-27 16:11:16 [main] INFO  ViewListFormFields - Clicking View List.
2026-09-27 16:11:16 [main] INFO  ViewListFormFields - View List opened successfully.
2026-09-27 16:11:17 [main] INFO  ViewListFormFields - Created form date/time: schedule
27 Sep 2026, 01:52 PM
2026-09-27 16:11:17 [main] INFO  MaterialOutwardReturnable_FC_Test - Actual Date/Time: schedule
27 Sep 2026, 01:52 PM
2026-09-27 16:11:17 [main] INFO  MaterialOutwardReturnable_FC_Test - Expected Date: 27Sep2026
2026-09-27 16:11:17 [main] INFO  Base - ===== Starting Test Teardown =====
2026-09-27 16:11:17 [main] ERROR Base - Test failed: verifyCreatedFormDateTest
2026-09-27 16:11:17 [main] ERROR Base - Test failure reason: Created form date is not today's date. Actual: schedule
27 Sep 2026, 01:52 PM expected [true] but found [false]
2026-09-27 16:11:17 [main] INFO  Base - Capturing failure screenshot for test: verifyCreatedFormDateTest
2026-09-27 16:11:17 [main] INFO  ScreenshotUtil - Capturing screenshot for test: verifyCreatedFormDateTest
2026-09-27 16:11:17 [main] INFO  ScreenshotUtil - Screenshot captured successfully: D:\AmazonProject\Mystuffs\Selenium with Java\DOR POM\test-output\screenshots\verifyCreatedFormDateTest_27092026_161117.png
2026-09-27 16:11:17 [main] INFO  Base - Failure screenshot attached to Extent Report.
2026-09-27 16:11:17 [main] INFO  Base - Closing browser.
2026-09-27 16:11:17 [main] INFO  Base - ===== Test Teardown Completed =====
2026-09-27 16:11:17 [main] INFO  Base - ===== Flushing Extent Report =====
2026-09-27 16:11:18 [main] INFO  Base - Extent Report generated successfully.
2026-09-27 16:17:43 [main] INFO  ExtentReportManager - Initializing Extent Report.
2026-09-27 16:17:43 [main] INFO  ExtentReportManager - Extent Report initialized successfully.
2026-09-27 16:17:43 [main] INFO  Utils - [TestNG] Running:
  C:\Users\dgowda\AppData\Local\JetBrains\IdeaIC2023.2\temp-testng-customsuite.xml

2026-09-27 16:17:43 [main] INFO  Base - ===== Starting Test Setup =====
2026-09-27 16:17:43 [main] INFO  Base - Initializing Chrome browser.
2026-09-27 16:17:46 [main] INFO  Base - Maximizing browser window.
2026-09-27 16:17:46 [main] INFO  Base - Opening application URL.
2026-09-27 16:17:48 [main] INFO  Base - Browser setup completed successfully.
2026-09-27 16:17:48 [main] INFO  Base - ===== Test Setup Completed =====
2026-09-27 16:17:48 [main] INFO  BaseLogin - ===== Starting DOR Login =====
2026-09-27 16:17:48 [main] INFO  BaseLogin - Entering DOR User ID.
2026-09-27 16:17:48 [main] INFO  Login - Entering User ID.
2026-09-27 16:17:49 [main] INFO  BaseLogin - Entering DOR password.
2026-09-27 16:17:49 [main] INFO  Login - Entering password.
2026-09-27 16:17:50 [main] INFO  BaseLogin - Clicking DOR Sign In button.
2026-09-27 16:17:50 [main] INFO  Login - Clicking Sign In button.
2026-09-27 16:17:50 [main] INFO  BaseLogin - DOR login completed successfully.
2026-09-27 16:17:50 [main] INFO  BaseLogin - ===== DOR Login Completed =====
2026-09-27 16:17:50 [main] INFO  MaterialOutwardReturnable_FC_Test - =================================================
2026-09-27 16:17:50 [main] INFO  MaterialOutwardReturnable_FC_Test - Starting Material Outward Returnable form Update test.
2026-09-27 16:17:50 [main] INFO  MaterialOutwardReturnable_FC_Test - =================================================
2026-09-27 16:17:50 [main] INFO  MaterialOutwardReturnable_FC_Test - Opening Register module.
2026-09-27 16:17:50 [main] INFO  Registers - Opening Registers module.
2026-09-27 16:17:52 [main] INFO  Registers - Registers module opened successfully.
2026-09-27 16:17:53 [main] INFO  MaterialOutwardReturnable_FC_Test - Register module opened successfully.
2026-09-27 16:17:53 [main] INFO  MaterialOutwardReturnable_FC_Test - Selecting vertical: Fulfillment Center
2026-09-27 16:17:53 [main] INFO  Registers - Selecting vertical: Fulfillment Center
2026-09-27 16:17:54 [main] INFO  Registers - Successfully selected vertical: Fulfillment Center
2026-09-27 16:17:55 [main] INFO  MaterialOutwardReturnable_FC_Test - Selecting site: BOM7
2026-09-27 16:17:55 [main] INFO  Registers - Selecting site: BOM7
2026-09-27 16:17:56 [main] INFO  Registers - Successfully selected site: BOM7
2026-09-27 16:17:56 [main] INFO  MaterialOutwardReturnable_FC_Test - Opening Material Outward Register (Returnable).
2026-09-27 16:17:56 [main] INFO  NewEntryFormFields - Opening Material Outward Register (Returnable).
2026-09-27 16:17:56 [main] INFO  NewEntryFormFields - Material Outward Register (Returnable) opened successfully.
2026-09-27 16:17:56 [main] INFO  MaterialOutwardReturnable_FC_Test - Opening View List form.
2026-09-27 16:17:56 [main] INFO  ViewListFormFields - Clicking View List.
2026-09-27 16:17:56 [main] INFO  ViewListFormFields - View List opened successfully.
2026-09-27 16:17:57 [main] INFO  ViewListFormFields - Created form date/time: schedule
27 Sep 2026, 01:52 PM
2026-09-27 16:17:57 [main] INFO  ViewListFormFields - Created form date/time: schedule
27 Sep 2026, 01:52 PM
2026-09-27 16:17:57 [main] INFO  MaterialOutwardReturnable_FC_Test - Actual Date/Time: schedule
27 Sep 2026, 01:52 PM
2026-09-27 16:17:57 [main] INFO  MaterialOutwardReturnable_FC_Test - Expected Date: schedule
27 Sep 2026, 01:52 PM
2026-09-27 16:17:57 [main] INFO  Base - ===== Starting Test Teardown =====
2026-09-27 16:17:57 [main] ERROR Base - Test failed: verifyCreatedFormDateTest
2026-09-27 16:17:57 [main] ERROR Base - Test failure reason: Created date/time does not match. expected [27 Sep 2026, 04:17 pm] but found [schedule
27 Sep 2026, 01:52 PM]
2026-09-27 16:17:57 [main] INFO  Base - Capturing failure screenshot for test: verifyCreatedFormDateTest
2026-09-27 16:17:57 [main] INFO  ScreenshotUtil - Capturing screenshot for test: verifyCreatedFormDateTest
2026-09-27 16:17:57 [main] INFO  ScreenshotUtil - Screenshot captured successfully: D:\AmazonProject\Mystuffs\Selenium with Java\DOR POM\test-output\screenshots\verifyCreatedFormDateTest_27092026_161757.png
2026-09-27 16:17:57 [main] INFO  Base - Failure screenshot attached to Extent Report.
2026-09-27 16:17:57 [main] INFO  Base - Closing browser.
2026-09-27 16:17:57 [main] INFO  Base - ===== Test Teardown Completed =====
2026-09-27 16:17:57 [main] INFO  Base - ===== Flushing Extent Report =====
2026-09-27 16:17:58 [main] INFO  Base - Extent Report generated successfully.
2026-09-27 16:26:38 [main] INFO  ExtentReportManager - Initializing Extent Report.
2026-09-27 16:26:38 [main] INFO  ExtentReportManager - Extent Report initialized successfully.
2026-09-27 16:26:38 [main] INFO  Utils - [TestNG] Running:
  C:\Users\dgowda\AppData\Local\JetBrains\IdeaIC2023.2\temp-testng-customsuite.xml

2026-09-27 16:26:38 [main] INFO  Base - ===== Starting Test Setup =====
2026-09-27 16:26:38 [main] INFO  Base - Initializing Chrome browser.
2026-09-27 16:26:40 [main] INFO  Base - Maximizing browser window.
2026-09-27 16:26:40 [main] INFO  Base - Opening application URL.
2026-09-27 16:26:42 [main] INFO  Base - Browser setup completed successfully.
2026-09-27 16:26:42 [main] INFO  Base - ===== Test Setup Completed =====
2026-09-27 16:26:42 [main] INFO  BaseLogin - ===== Starting DOR Login =====
2026-09-27 16:26:42 [main] INFO  BaseLogin - Entering DOR User ID.
2026-09-27 16:26:42 [main] INFO  Login - Entering User ID.
2026-09-27 16:26:42 [main] INFO  BaseLogin - Entering DOR password.
2026-09-27 16:26:42 [main] INFO  Login - Entering password.
2026-09-27 16:26:43 [main] INFO  BaseLogin - Clicking DOR Sign In button.
2026-09-27 16:26:43 [main] INFO  Login - Clicking Sign In button.
2026-09-27 16:26:43 [main] INFO  BaseLogin - DOR login completed successfully.
2026-09-27 16:26:43 [main] INFO  BaseLogin - ===== DOR Login Completed =====
2026-09-27 16:26:43 [main] INFO  MaterialOutwardReturnable_FC_Test - =================================================
2026-09-27 16:26:43 [main] INFO  MaterialOutwardReturnable_FC_Test - Starting Material Outward Returnable form Update test.
2026-09-27 16:26:43 [main] INFO  MaterialOutwardReturnable_FC_Test - =================================================
2026-09-27 16:26:43 [main] INFO  MaterialOutwardReturnable_FC_Test - Opening Register module.
2026-09-27 16:26:43 [main] INFO  Registers - Opening Registers module.
2026-09-27 16:26:45 [main] INFO  Registers - Registers module opened successfully.
2026-09-27 16:26:46 [main] INFO  MaterialOutwardReturnable_FC_Test - Register module opened successfully.
2026-09-27 16:26:46 [main] INFO  MaterialOutwardReturnable_FC_Test - Selecting vertical: Fulfillment Center
2026-09-27 16:26:46 [main] INFO  Registers - Selecting vertical: Fulfillment Center
2026-09-27 16:26:46 [main] INFO  Registers - Successfully selected vertical: Fulfillment Center
2026-09-27 16:26:47 [main] INFO  MaterialOutwardReturnable_FC_Test - Selecting site: BOM7
2026-09-27 16:26:47 [main] INFO  Registers - Selecting site: BOM7
2026-09-27 16:26:47 [main] INFO  Registers - Successfully selected site: BOM7
2026-09-27 16:26:47 [main] INFO  MaterialOutwardReturnable_FC_Test - Opening Material Outward Register (Returnable).
2026-09-27 16:26:47 [main] INFO  NewEntryFormFields - Opening Material Outward Register (Returnable).
2026-09-27 16:26:48 [main] INFO  NewEntryFormFields - Material Outward Register (Returnable) opened successfully.
2026-09-27 16:26:48 [main] INFO  MaterialOutwardReturnable_FC_Test - Opening View List form.
2026-09-27 16:26:48 [main] INFO  ViewListFormFields - Clicking View List.
2026-09-27 16:26:48 [main] INFO  ViewListFormFields - View List opened successfully.
2026-09-27 16:26:49 [main] INFO  ViewListFormFields - Created form date/time: schedule
27 Sep 2026, 01:52 PM
2026-09-27 16:26:50 [main] INFO  ViewListFormFields - Created form date/time: schedule
27 Sep 2026, 01:52 PM
2026-09-27 16:26:50 [main] ERROR MaterialOutwardReturnable_FC_Test - Material Outward Returnable update test failed.
java.lang.IllegalArgumentException: Unknown pattern letter: l
	at java.base/java.time.format.DateTimeFormatterBuilder.parsePattern(DateTimeFormatterBuilder.java:1882)
	at java.base/java.time.format.DateTimeFormatterBuilder.appendPattern(DateTimeFormatterBuilder.java:1772)
	at java.base/java.time.format.DateTimeFormatter.ofPattern(DateTimeFormatter.java:566)
	at testcases.MaterialOutwardReturnable_FC_Test.verifyCreatedFormDateTest(MaterialOutwardReturnable_FC_Test.java:367)
	at java.base/jdk.internal.reflect.NativeMethodAccessorImpl.invoke0(Native Method)
	at java.base/jdk.internal.reflect.NativeMethodAccessorImpl.invoke(NativeMethodAccessorImpl.java:77)
	at java.base/jdk.internal.reflect.DelegatingMethodAccessorImpl.invoke(DelegatingMethodAccessorImpl.java:43)
	at java.base/java.lang.reflect.Method.invoke(Method.java:568)
	at org.testng.internal.invokers.MethodInvocationHelper.invokeMethod(MethodInvocationHelper.java:141)
	at org.testng.internal.invokers.TestInvoker.invokeMethod(TestInvoker.java:697)
	at org.testng.internal.invokers.TestInvoker.invokeTestMethod(TestInvoker.java:230)
	at org.testng.internal.invokers.MethodRunner.runInSequence(MethodRunner.java:63)
	at org.testng.internal.invokers.TestInvoker$MethodInvocationAgent.invoke(TestInvoker.java:1005)
	at org.testng.internal.invokers.TestInvoker.invokeTestMethods(TestInvoker.java:203)
	at org.testng.internal.invokers.TestMethodWorker.invokeTestMethods(TestMethodWorker.java:154)
	at org.testng.internal.invokers.TestMethodWorker.run(TestMethodWorker.java:134)
	at java.base/java.util.ArrayList.forEach(ArrayList.java:1511)
	at org.testng.TestRunner.privateRun(TestRunner.java:744)
	at org.testng.TestRunner.run(TestRunner.java:616)
	at org.testng.SuiteRunner.runTest(SuiteRunner.java:421)
	at org.testng.SuiteRunner.runSequentially(SuiteRunner.java:413)
	at org.testng.SuiteRunner.privateRun(SuiteRunner.java:373)
	at org.testng.SuiteRunner.run(SuiteRunner.java:312)
	at org.testng.SuiteRunnerWorker.runSuite(SuiteRunnerWorker.java:52)
	at org.testng.SuiteRunnerWorker.run(SuiteRunnerWorker.java:95)
	at org.testng.TestNG.runSuitesSequentially(TestNG.java:1274)
	at org.testng.TestNG.runSuitesLocally(TestNG.java:1208)
	at org.testng.TestNG.runSuites(TestNG.java:1112)
	at org.testng.TestNG.run(TestNG.java:1079)
	at com.intellij.rt.testng.IDEARemoteTestNG.run(IDEARemoteTestNG.java:66)
	at com.intellij.rt.testng.RemoteTestNGStarter.main(RemoteTestNGStarter.java:105)
2026-09-27 16:26:50 [main] INFO  Base - ===== Starting Test Teardown =====
2026-09-27 16:26:50 [main] ERROR Base - Test failed: verifyCreatedFormDateTest
2026-09-27 16:26:50 [main] ERROR Base - Test failure reason: Unknown pattern letter: l
2026-09-27 16:26:50 [main] INFO  Base - Capturing failure screenshot for test: verifyCreatedFormDateTest
2026-09-27 16:26:50 [main] INFO  ScreenshotUtil - Capturing screenshot for test: verifyCreatedFormDateTest
2026-09-27 16:26:50 [main] INFO  ScreenshotUtil - Screenshot captured successfully: D:\AmazonProject\Mystuffs\Selenium with Java\DOR POM\test-output\screenshots\verifyCreatedFormDateTest_27092026_162650.png
2026-09-27 16:26:50 [main] INFO  Base - Failure screenshot attached to Extent Report.
2026-09-27 16:26:50 [main] INFO  Base - Closing browser.
2026-09-27 16:26:50 [main] INFO  Base - ===== Test Teardown Completed =====
2026-09-27 16:26:50 [main] INFO  Base - ===== Flushing Extent Report =====
2026-09-27 16:26:50 [main] INFO  Base - Extent Report generated successfully.
2026-09-27 16:29:24 [main] INFO  ExtentReportManager - Initializing Extent Report.
2026-09-27 16:29:24 [main] INFO  ExtentReportManager - Extent Report initialized successfully.
2026-09-27 16:29:24 [main] INFO  Utils - [TestNG] Running:
  C:\Users\dgowda\AppData\Local\JetBrains\IdeaIC2023.2\temp-testng-customsuite.xml

2026-09-27 16:29:24 [main] INFO  Base - ===== Starting Test Setup =====
2026-09-27 16:29:24 [main] INFO  Base - Initializing Chrome browser.
2026-09-27 16:29:26 [main] INFO  Base - Maximizing browser window.
2026-09-27 16:29:26 [main] INFO  Base - Opening application URL.
2026-09-27 16:29:29 [main] INFO  Base - Browser setup completed successfully.
2026-09-27 16:29:29 [main] INFO  Base - ===== Test Setup Completed =====
2026-09-27 16:29:29 [main] INFO  BaseLogin - ===== Starting DOR Login =====
2026-09-27 16:29:29 [main] INFO  BaseLogin - Entering DOR User ID.
2026-09-27 16:29:29 [main] INFO  Login - Entering User ID.
2026-09-27 16:29:29 [main] INFO  BaseLogin - Entering DOR password.
2026-09-27 16:29:29 [main] INFO  Login - Entering password.
2026-09-27 16:29:29 [main] INFO  BaseLogin - Clicking DOR Sign In button.
2026-09-27 16:29:29 [main] INFO  Login - Clicking Sign In button.
2026-09-27 16:29:30 [main] INFO  BaseLogin - DOR login completed successfully.
2026-09-27 16:29:30 [main] INFO  BaseLogin - ===== DOR Login Completed =====
2026-09-27 16:29:30 [main] INFO  MaterialOutwardReturnable_FC_Test - =================================================
2026-09-27 16:29:30 [main] INFO  MaterialOutwardReturnable_FC_Test - Starting Material Outward Returnable form Update test.
2026-09-27 16:29:30 [main] INFO  MaterialOutwardReturnable_FC_Test - =================================================
2026-09-27 16:29:30 [main] INFO  MaterialOutwardReturnable_FC_Test - Opening Register module.
2026-09-27 16:29:30 [main] INFO  Registers - Opening Registers module.
2026-09-27 16:29:32 [main] INFO  Registers - Registers module opened successfully.
2026-09-27 16:29:33 [main] INFO  MaterialOutwardReturnable_FC_Test - Register module opened successfully.
2026-09-27 16:29:33 [main] INFO  MaterialOutwardReturnable_FC_Test - Selecting vertical: Fulfillment Center
2026-09-27 16:29:33 [main] INFO  Registers - Selecting vertical: Fulfillment Center
2026-09-27 16:29:34 [main] INFO  Registers - Successfully selected vertical: Fulfillment Center
2026-09-27 16:29:35 [main] INFO  MaterialOutwardReturnable_FC_Test - Selecting site: BOM7
2026-09-27 16:29:35 [main] INFO  Registers - Selecting site: BOM7
2026-09-27 16:29:35 [main] INFO  Registers - Successfully selected site: BOM7
2026-09-27 16:29:35 [main] INFO  MaterialOutwardReturnable_FC_Test - Opening Material Outward Register (Returnable).
2026-09-27 16:29:35 [main] INFO  NewEntryFormFields - Opening Material Outward Register (Returnable).
2026-09-27 16:29:35 [main] INFO  NewEntryFormFields - Material Outward Register (Returnable) opened successfully.
2026-09-27 16:29:35 [main] INFO  MaterialOutwardReturnable_FC_Test - Opening View List form.
2026-09-27 16:29:35 [main] INFO  ViewListFormFields - Clicking View List.
2026-09-27 16:29:35 [main] INFO  ViewListFormFields - View List opened successfully.
2026-09-27 16:29:37 [main] INFO  ViewListFormFields - Created form date/time: schedule
27 Sep 2026, 01:52 PM
2026-09-27 16:29:37 [main] INFO  ViewListFormFields - Created form date/time: schedule
27 Sep 2026, 01:52 PM
2026-09-27 16:29:37 [main] ERROR MaterialOutwardReturnable_FC_Test - Material Outward Returnable update test failed.
java.lang.IllegalArgumentException: Unknown pattern letter: l
	at java.base/java.time.format.DateTimeFormatterBuilder.parsePattern(DateTimeFormatterBuilder.java:1882)
	at java.base/java.time.format.DateTimeFormatterBuilder.appendPattern(DateTimeFormatterBuilder.java:1772)
	at java.base/java.time.format.DateTimeFormatter.ofPattern(DateTimeFormatter.java:566)
	at testcases.MaterialOutwardReturnable_FC_Test.verifyCreatedFormDateTest(MaterialOutwardReturnable_FC_Test.java:367)
	at java.base/jdk.internal.reflect.NativeMethodAccessorImpl.invoke0(Native Method)
	at java.base/jdk.internal.reflect.NativeMethodAccessorImpl.invoke(NativeMethodAccessorImpl.java:77)
	at java.base/jdk.internal.reflect.DelegatingMethodAccessorImpl.invoke(DelegatingMethodAccessorImpl.java:43)
	at java.base/java.lang.reflect.Method.invoke(Method.java:568)
	at org.testng.internal.invokers.MethodInvocationHelper.invokeMethod(MethodInvocationHelper.java:141)
	at org.testng.internal.invokers.TestInvoker.invokeMethod(TestInvoker.java:697)
	at org.testng.internal.invokers.TestInvoker.invokeTestMethod(TestInvoker.java:230)
	at org.testng.internal.invokers.MethodRunner.runInSequence(MethodRunner.java:63)
	at org.testng.internal.invokers.TestInvoker$MethodInvocationAgent.invoke(TestInvoker.java:1005)
	at org.testng.internal.invokers.TestInvoker.invokeTestMethods(TestInvoker.java:203)
	at org.testng.internal.invokers.TestMethodWorker.invokeTestMethods(TestMethodWorker.java:154)
	at org.testng.internal.invokers.TestMethodWorker.run(TestMethodWorker.java:134)
	at java.base/java.util.ArrayList.forEach(ArrayList.java:1511)
	at org.testng.TestRunner.privateRun(TestRunner.java:744)
	at org.testng.TestRunner.run(TestRunner.java:616)
	at org.testng.SuiteRunner.runTest(SuiteRunner.java:421)
	at org.testng.SuiteRunner.runSequentially(SuiteRunner.java:413)
	at org.testng.SuiteRunner.privateRun(SuiteRunner.java:373)
	at org.testng.SuiteRunner.run(SuiteRunner.java:312)
	at org.testng.SuiteRunnerWorker.runSuite(SuiteRunnerWorker.java:52)
	at org.testng.SuiteRunnerWorker.run(SuiteRunnerWorker.java:95)
	at org.testng.TestNG.runSuitesSequentially(TestNG.java:1274)
	at org.testng.TestNG.runSuitesLocally(TestNG.java:1208)
	at org.testng.TestNG.runSuites(TestNG.java:1112)
	at org.testng.TestNG.run(TestNG.java:1079)
	at com.intellij.rt.testng.IDEARemoteTestNG.run(IDEARemoteTestNG.java:66)
	at com.intellij.rt.testng.RemoteTestNGStarter.main(RemoteTestNGStarter.java:105)
2026-09-27 16:29:37 [main] INFO  Base - ===== Starting Test Teardown =====
2026-09-27 16:29:37 [main] ERROR Base - Test failed: verifyCreatedFormDateTest
2026-09-27 16:29:37 [main] ERROR Base - Test failure reason: Unknown pattern letter: l
2026-09-27 16:29:37 [main] INFO  Base - Capturing failure screenshot for test: verifyCreatedFormDateTest
2026-09-27 16:29:37 [main] INFO  ScreenshotUtil - Capturing screenshot for test: verifyCreatedFormDateTest
2026-09-27 16:29:37 [main] INFO  ScreenshotUtil - Screenshot captured successfully: D:\AmazonProject\Mystuffs\Selenium with Java\DOR POM\test-output\screenshots\verifyCreatedFormDateTest_27092026_162937.png
2026-09-27 16:29:37 [main] INFO  Base - Failure screenshot attached to Extent Report.
2026-09-27 16:29:37 [main] INFO  Base - Closing browser.
2026-09-27 16:29:37 [main] INFO  Base - ===== Test Teardown Completed =====
2026-09-27 16:29:37 [main] INFO  Base - ===== Flushing Extent Report =====
2026-09-27 16:29:37 [main] INFO  Base - Extent Report generated successfully.
2026-09-27 16:34:54 [main] INFO  ExtentReportManager - Initializing Extent Report.
2026-09-27 16:34:54 [main] INFO  ExtentReportManager - Extent Report initialized successfully.
2026-09-27 16:34:54 [main] INFO  Utils - [TestNG] Running:
  C:\Users\dgowda\AppData\Local\JetBrains\IdeaIC2023.2\temp-testng-customsuite.xml

2026-09-27 16:34:54 [main] INFO  Base - ===== Starting Test Setup =====
2026-09-27 16:34:54 [main] INFO  Base - Initializing Chrome browser.
2026-09-27 16:34:56 [main] INFO  Base - Maximizing browser window.
2026-09-27 16:34:56 [main] INFO  Base - Opening application URL.
2026-09-27 16:34:58 [main] INFO  Base - Browser setup completed successfully.
2026-09-27 16:34:58 [main] INFO  Base - ===== Test Setup Completed =====
2026-09-27 16:34:58 [main] INFO  BaseLogin - ===== Starting DOR Login =====
2026-09-27 16:34:58 [main] INFO  BaseLogin - Entering DOR User ID.
2026-09-27 16:34:58 [main] INFO  Login - Entering User ID.
2026-09-27 16:34:59 [main] INFO  BaseLogin - Entering DOR password.
2026-09-27 16:34:59 [main] INFO  Login - Entering password.
2026-09-27 16:34:59 [main] INFO  BaseLogin - Clicking DOR Sign In button.
2026-09-27 16:34:59 [main] INFO  Login - Clicking Sign In button.
2026-09-27 16:34:59 [main] INFO  BaseLogin - DOR login completed successfully.
2026-09-27 16:34:59 [main] INFO  BaseLogin - ===== DOR Login Completed =====
2026-09-27 16:34:59 [main] INFO  MaterialOutwardReturnable_FC_Test - =================================================
2026-09-27 16:34:59 [main] INFO  MaterialOutwardReturnable_FC_Test - Starting Material Outward Returnable form Update test.
2026-09-27 16:34:59 [main] INFO  MaterialOutwardReturnable_FC_Test - =================================================
2026-09-27 16:34:59 [main] INFO  MaterialOutwardReturnable_FC_Test - Opening Register module.
2026-09-27 16:34:59 [main] INFO  Registers - Opening Registers module.
2026-09-27 16:35:01 [main] INFO  Registers - Registers module opened successfully.
2026-09-27 16:35:02 [main] INFO  MaterialOutwardReturnable_FC_Test - Register module opened successfully.
2026-09-27 16:35:02 [main] INFO  MaterialOutwardReturnable_FC_Test - Selecting vertical: Fulfillment Center
2026-09-27 16:35:02 [main] INFO  Registers - Selecting vertical: Fulfillment Center
2026-09-27 16:35:03 [main] INFO  Registers - Successfully selected vertical: Fulfillment Center
2026-09-27 16:35:04 [main] INFO  MaterialOutwardReturnable_FC_Test - Selecting site: BOM7
2026-09-27 16:35:04 [main] INFO  Registers - Selecting site: BOM7
2026-09-27 16:35:04 [main] INFO  Registers - Successfully selected site: BOM7
2026-09-27 16:35:04 [main] INFO  MaterialOutwardReturnable_FC_Test - Opening Material Outward Register (Returnable).
2026-09-27 16:35:04 [main] INFO  NewEntryFormFields - Opening Material Outward Register (Returnable).
2026-09-27 16:35:04 [main] INFO  NewEntryFormFields - Material Outward Register (Returnable) opened successfully.
2026-09-27 16:35:04 [main] INFO  MaterialOutwardReturnable_FC_Test - Opening View List form.
2026-09-27 16:35:04 [main] INFO  ViewListFormFields - Clicking View List.
2026-09-27 16:35:04 [main] INFO  ViewListFormFields - View List opened successfully.
2026-09-27 16:35:05 [main] INFO  ViewListFormFields - Created form date/time: schedule
27 Sep 2026, 01:52 PM
2026-09-27 16:35:05 [main] INFO  ViewListFormFields - Created form date/time: schedule
27 Sep 2026, 01:52 PM
2026-09-27 16:35:05 [main] INFO  MaterialOutwardReturnable_FC_Test - Actual Date/Time: 27 Sep 2026, 01:52 PM
2026-09-27 16:35:05 [main] INFO  MaterialOutwardReturnable_FC_Test - Expected Date: 27 Sep 2026, 01:52 PM
2026-09-27 16:35:05 [main] INFO  Base - ===== Starting Test Teardown =====
2026-09-27 16:35:05 [main] ERROR Base - Test failed: verifyCreatedFormDateTest
2026-09-27 16:35:05 [main] ERROR Base - Test failure reason: Created date/time does not match. expected [27 Sep 2026, 04:35 pm] but found [27 Sep 2026, 01:52 PM]
2026-09-27 16:35:05 [main] INFO  Base - Capturing failure screenshot for test: verifyCreatedFormDateTest
2026-09-27 16:35:05 [main] INFO  ScreenshotUtil - Capturing screenshot for test: verifyCreatedFormDateTest
2026-09-27 16:35:05 [main] INFO  ScreenshotUtil - Screenshot captured successfully: D:\AmazonProject\Mystuffs\Selenium with Java\DOR POM\test-output\screenshots\verifyCreatedFormDateTest_27092026_163505.png
2026-09-27 16:35:05 [main] INFO  Base - Failure screenshot attached to Extent Report.
2026-09-27 16:35:05 [main] INFO  Base - Closing browser.
2026-09-27 16:35:05 [main] INFO  Base - ===== Test Teardown Completed =====
2026-09-27 16:35:05 [main] INFO  Base - ===== Flushing Extent Report =====
2026-09-27 16:35:06 [main] INFO  Base - Extent Report generated successfully.
2026-09-27 16:37:52 [main] INFO  ExtentReportManager - Initializing Extent Report.
2026-09-27 16:37:52 [main] INFO  ExtentReportManager - Extent Report initialized successfully.
2026-09-27 16:37:52 [main] INFO  Utils - [TestNG] Running:
  C:\Users\dgowda\AppData\Local\JetBrains\IdeaIC2023.2\temp-testng-customsuite.xml

2026-09-27 16:37:52 [main] INFO  Base - ===== Starting Test Setup =====
2026-09-27 16:37:52 [main] INFO  Base - Initializing Chrome browser.
2026-09-27 16:37:54 [main] INFO  Base - Maximizing browser window.
2026-09-27 16:37:54 [main] INFO  Base - Opening application URL.
2026-09-27 16:37:57 [main] INFO  Base - Browser setup completed successfully.
2026-09-27 16:37:57 [main] INFO  Base - ===== Test Setup Completed =====
2026-09-27 16:37:57 [main] INFO  LoginPageTest - ===== Starting Success Login Test =====
2026-09-27 16:37:57 [main] INFO  LoginPageTest - Entering valid User ID.
2026-09-27 16:37:57 [main] INFO  Login - Entering User ID.
2026-09-27 16:37:57 [main] INFO  LoginPageTest - Entering valid password.
2026-09-27 16:37:57 [main] INFO  Login - Entering password.
2026-09-27 16:37:58 [main] INFO  LoginPageTest - Clicking Sign In button.
2026-09-27 16:37:58 [main] INFO  Login - Clicking Sign In button.
2026-09-27 16:37:58 [main] INFO  LoginPageTest - Login completed. Validating dashboard title.
2026-09-27 16:37:58 [main] INFO  LoginPageTest - Expected Title: Digitization of Registers
2026-09-27 16:37:58 [main] INFO  LoginPageTest - Actual Title: Digitization of Registers
2026-09-27 16:37:58 [main] INFO  LoginPageTest - Successful login validation completed.
2026-09-27 16:37:58 [main] INFO  LoginPageTest - ===== Success Login Test Passed =====
2026-09-27 16:37:58 [main] INFO  Base - ===== Starting Test Teardown =====
2026-09-27 16:37:58 [main] INFO  Base - Test passed: SuccessLoginTest
2026-09-27 16:37:58 [main] INFO  Base - Closing browser.
2026-09-27 16:37:58 [main] INFO  Base - ===== Test Teardown Completed =====
2026-09-27 16:37:58 [main] INFO  Base - ===== Starting Test Setup =====
2026-09-27 16:37:58 [main] INFO  Base - Initializing Chrome browser.
2026-09-27 16:37:59 [main] INFO  Base - Maximizing browser window.
2026-09-27 16:37:59 [main] INFO  Base - Opening application URL.
2026-09-27 16:38:00 [main] INFO  Base - Browser setup completed successfully.
2026-09-27 16:38:00 [main] INFO  Base - ===== Test Setup Completed =====
2026-09-27 16:38:00 [main] INFO  LoginPageTest - ===== Starting Failed Login Test =====
2026-09-27 16:38:00 [main] INFO  LoginPageTest - Entering valid User ID for failed login test.
2026-09-27 16:38:00 [main] INFO  Login - Entering User ID.
2026-09-27 16:38:02 [main] INFO  LoginPageTest - Entering invalid password for negative login test.
2026-09-27 16:38:02 [main] INFO  Login - Entering password.
2026-09-27 16:38:02 [main] INFO  LoginPageTest - Clicking Sign In button.
2026-09-27 16:38:02 [main] INFO  Login - Clicking Sign In button.
2026-09-27 16:38:02 [main] INFO  LoginPageTest - Validating invalid credentials error message.
2026-09-27 16:38:04 [main] INFO  LoginPageTest - Expected Error: Invalid credentials
2026-09-27 16:38:04 [main] INFO  LoginPageTest - Actual Error: Invalid credentials
2026-09-27 16:38:04 [main] INFO  LoginPageTest - Failed login validation completed successfully.
2026-09-27 16:38:04 [main] INFO  LoginPageTest - ===== Failed Login Test Passed =====
2026-09-27 16:38:04 [main] INFO  Base - ===== Starting Test Teardown =====
2026-09-27 16:38:04 [main] INFO  Base - Test passed: failiedLoginTest
2026-09-27 16:38:04 [main] INFO  Base - Closing browser.
2026-09-27 16:38:04 [main] INFO  Base - ===== Test Teardown Completed =====
2026-09-27 16:38:04 [main] INFO  Base - ===== Starting Test Setup =====
2026-09-27 16:38:04 [main] INFO  Base - Initializing Chrome browser.
2026-09-27 16:38:06 [main] INFO  Base - Maximizing browser window.
2026-09-27 16:38:06 [main] INFO  Base - Opening application URL.
2026-09-27 16:38:07 [main] INFO  Base - Browser setup completed successfully.
2026-09-27 16:38:07 [main] INFO  Base - ===== Test Setup Completed =====
2026-09-27 16:38:07 [main] INFO  LoginPageTest - ===== Starting Blank Password Test =====
2026-09-27 16:38:07 [main] INFO  LoginPageTest - Entering valid User ID for blank password test.
2026-09-27 16:38:07 [main] INFO  Login - Entering User ID.
2026-09-27 16:38:14 [main] INFO  LoginPageTest - Leaving password field blank.
2026-09-27 16:38:14 [main] INFO  Login - Entering password.
2026-09-27 16:38:14 [main] INFO  LoginPageTest - Clicking outside password field to trigger validation.
2026-09-27 16:38:14 [main] INFO  LoginPageTest - Validating password required error message.
2026-09-27 16:38:14 [main] INFO  LoginPageTest - Expected Error: Password is required
2026-09-27 16:38:14 [main] INFO  LoginPageTest - Actual Error: Password is required
2026-09-27 16:38:14 [main] INFO  LoginPageTest - Validating Sign In button is disabled.
2026-09-27 16:38:14 [main] INFO  LoginPageTest - Sign In button enabled status: false
2026-09-27 16:38:14 [main] INFO  LoginPageTest - Blank password validation completed successfully.
2026-09-27 16:38:14 [main] INFO  LoginPageTest - ===== Blank Password Test Passed =====
2026-09-27 16:38:14 [main] INFO  Base - ===== Starting Test Teardown =====
2026-09-27 16:38:14 [main] INFO  Base - Test passed: blankPasswordTest
2026-09-27 16:38:14 [main] INFO  Base - Closing browser.
2026-09-27 16:38:14 [main] INFO  Base - ===== Test Teardown Completed =====
2026-09-27 16:38:14 [main] INFO  Base - ===== Starting Test Setup =====
2026-09-27 16:38:14 [main] INFO  Base - Initializing Chrome browser.
2026-09-27 16:38:17 [main] INFO  Base - Maximizing browser window.
2026-09-27 16:38:17 [main] INFO  Base - Opening application URL.
2026-09-27 16:38:18 [main] INFO  Base - Browser setup completed successfully.
2026-09-27 16:38:18 [main] INFO  Base - ===== Test Setup Completed =====
2026-09-27 16:38:18 [main] INFO  BaseLogin - ===== Starting DOR Login =====
2026-09-27 16:38:18 [main] INFO  BaseLogin - Entering DOR User ID.
2026-09-27 16:38:18 [main] INFO  Login - Entering User ID.
2026-09-27 16:38:22 [main] INFO  BaseLogin - Entering DOR password.
2026-09-27 16:38:22 [main] INFO  Login - Entering password.
2026-09-27 16:38:22 [main] INFO  BaseLogin - Clicking DOR Sign In button.
2026-09-27 16:38:22 [main] INFO  Login - Clicking Sign In button.
2026-09-27 16:38:22 [main] INFO  BaseLogin - DOR login completed successfully.
2026-09-27 16:38:22 [main] INFO  BaseLogin - ===== DOR Login Completed =====
2026-09-27 16:38:22 [main] INFO  MaterialOutwardReturnable_FC_Test - =================================================
2026-09-27 16:38:22 [main] INFO  MaterialOutwardReturnable_FC_Test - Starting Material Outward Returnable form creation test.
2026-09-27 16:38:22 [main] INFO  MaterialOutwardReturnable_FC_Test - =================================================
2026-09-27 16:38:22 [main] INFO  MaterialOutwardReturnable_FC_Test - Opening Register module.
2026-09-27 16:38:22 [main] INFO  Registers - Opening Registers module.
2026-09-27 16:38:25 [main] INFO  Registers - Registers module opened successfully.
2026-09-27 16:38:26 [main] INFO  MaterialOutwardReturnable_FC_Test - Register module opened successfully.
2026-09-27 16:38:26 [main] INFO  MaterialOutwardReturnable_FC_Test - Selecting vertical: Fulfillment Center
2026-09-27 16:38:26 [main] INFO  Registers - Selecting vertical: Fulfillment Center
2026-09-27 16:38:28 [main] INFO  Registers - Successfully selected vertical: Fulfillment Center
2026-09-27 16:38:29 [main] INFO  MaterialOutwardReturnable_FC_Test - Selecting site: BOM7
2026-09-27 16:38:29 [main] INFO  Registers - Selecting site: BOM7
2026-09-27 16:38:29 [main] INFO  Registers - Successfully selected site: BOM7
2026-09-27 16:38:29 [main] INFO  MaterialOutwardReturnable_FC_Test - Opening Material Outward Register (Returnable).
2026-09-27 16:38:29 [main] INFO  NewEntryFormFields - Opening Material Outward Register (Returnable).
2026-09-27 16:38:29 [main] INFO  NewEntryFormFields - Material Outward Register (Returnable) opened successfully.
2026-09-27 16:38:29 [main] INFO  MaterialOutwardReturnable_FC_Test - Selected form name confirmation
2026-09-27 16:38:29 [main] INFO  NewEntryFormFields - Waiting for form creation success message.
2026-09-27 16:38:29 [main] INFO  NewEntryFormFields - Success message received: Material Outward Register (Returnable)
2026-09-27 16:38:29 [main] INFO  MaterialOutwardReturnable_FC_Test - Opening New Entry form.
2026-09-27 16:38:29 [main] INFO  NewEntryFormFields - Clicking New Entry.
2026-09-27 16:38:29 [main] INFO  NewEntryFormFields - New Entry form opened successfully.
2026-09-27 16:38:29 [main] INFO  MaterialOutwardReturnable_FC_Test - Selected form name confirmation Inside the selected form
2026-09-27 16:38:29 [main] INFO  NewEntryFormFields - Waiting for form creation success message.
2026-09-27 16:38:29 [main] ERROR MaterialOutwardReturnable_FC_Test - Material Outward Returnable form creation test failed.
org.openqa.selenium.StaleElementReferenceException: stale element reference: stale element not found in the current frame
  (Session info: chrome=153.0.8010.53)
For documentation on this error, please visit: https://www.selenium.dev/documentation/webdriver/troubleshooting/errors#staleelementreferenceexception
Build info: version: '4.47.0', revision: '9175ed9 9175ed94d83e87cc3abeb7c9fd91367d17849d35'
System info: os.name: 'Windows 11', os.arch: 'amd64', os.version: '10.0', java.version: '17.0.12'
Driver info: org.openqa.selenium.chrome.ChromeDriver
Command: [9bb1967d675afd7169f479e6de49ebc7, isElementDisplayed {id=f.225CA6CEC321F0890599536F6F291DEB.d.B38832367BAC1E178FBBBAA8998D8B12.e.201}]
Capabilities {acceptInsecureCerts: false, browserName: chrome, browserVersion: 153.0.8010.53, chrome: {chromedriverVersion: 153.0.8010.52 (78e5e45d4bb4..., userDataDir: C:\Users\dgowda\AppData\Loc...}, fedcm:accounts: true, goog:chromeOptions: {debuggerAddress: localhost:59457}, goog:processID: 32108, networkConnectionEnabled: false, pageLoadStrategy: normal, platformName: windows, proxy: Proxy(), se:cdp: ws://localhost:59457/devtoo..., se:cdpVersion: 153.0.8010.53, setWindowRect: true, strictFileInteractability: false, timeouts: {implicit: 0, pageLoad: 300000, script: 30000}, unhandledPromptBehavior: dismiss and notify, webauthn:extension:cmtgKey: true, webauthn:extension:credBlob: true, webauthn:extension:largeBlob: true, webauthn:extension:minPinLength: true, webauthn:extension:prf: true, webauthn:virtualAuthenticators: true}
Element: [[ChromeDriver: chrome on windows (9bb1967d675afd7169f479e6de49ebc7)] -> xpath: //*[normalize-space()='Material Outward Register (Returnable)']]
Session ID: 9bb1967d675afd7169f479e6de49ebc7
	at org.openqa.selenium.remote.ErrorCodec.decode(ErrorCodec.java:169)
	at org.openqa.selenium.remote.codec.w3c.W3CHttpResponseCodec.decode(W3CHttpResponseCodec.java:143)
	at org.openqa.selenium.remote.codec.w3c.W3CHttpResponseCodec.decode(W3CHttpResponseCodec.java:50)
	at org.openqa.selenium.remote.HttpCommandExecutor.execute(HttpCommandExecutor.java:196)
	at org.openqa.selenium.remote.service.DriverCommandExecutor.invokeExecute(DriverCommandExecutor.java:217)
	at org.openqa.selenium.remote.service.DriverCommandExecutor.execute(DriverCommandExecutor.java:175)
	at org.openqa.selenium.remote.RemoteWebDriver.execute(RemoteWebDriver.java:653)
	at org.openqa.selenium.remote.RemoteWebElement.execute(RemoteWebElement.java:225)
	at org.openqa.selenium.remote.RemoteWebElement.isDisplayed(RemoteWebElement.java:284)
	at jdk.internal.reflect.GeneratedMethodAccessor1.invoke(Unknown Source)
	at java.base/jdk.internal.reflect.DelegatingMethodAccessorImpl.invoke(DelegatingMethodAccessorImpl.java:43)
	at java.base/java.lang.reflect.Method.invoke(Method.java:568)
	at org.openqa.selenium.support.pagefactory.internal.LocatingElementHandler.invoke(LocatingElementHandler.java:51)
	at jdk.proxy2/jdk.proxy2.$Proxy30.isDisplayed(Unknown Source)
	at org.openqa.selenium.support.ui.ExpectedConditions.elementIfVisible(ExpectedConditions.java:365)
	at org.openqa.selenium.support.ui.ExpectedConditions$10.apply(ExpectedConditions.java:351)
	at org.openqa.selenium.support.ui.ExpectedConditions$10.apply(ExpectedConditions.java:348)
	at org.openqa.selenium.support.ui.FluentWait.until(FluentWait.java:210)
	at pages.NewEntryFormFields.formNameConfirmation(NewEntryFormFields.java:57)
	at testcases.MaterialOutwardReturnable_FC_Test.NewEntryFormCreateTest(MaterialOutwardReturnable_FC_Test.java:92)
	at java.base/jdk.internal.reflect.NativeMethodAccessorImpl.invoke0(Native Method)
	at java.base/jdk.internal.reflect.NativeMethodAccessorImpl.invoke(NativeMethodAccessorImpl.java:77)
	at java.base/jdk.internal.reflect.DelegatingMethodAccessorImpl.invoke(DelegatingMethodAccessorImpl.java:43)
	at java.base/java.lang.reflect.Method.invoke(Method.java:568)
	at org.testng.internal.invokers.MethodInvocationHelper.invokeMethod(MethodInvocationHelper.java:141)
	at org.testng.internal.invokers.TestInvoker.invokeMethod(TestInvoker.java:697)
	at org.testng.internal.invokers.TestInvoker.invokeTestMethod(TestInvoker.java:230)
	at org.testng.internal.invokers.MethodRunner.runInSequence(MethodRunner.java:63)
	at org.testng.internal.invokers.TestInvoker$MethodInvocationAgent.invoke(TestInvoker.java:1005)
	at org.testng.internal.invokers.TestInvoker.invokeTestMethods(TestInvoker.java:203)
	at org.testng.internal.invokers.TestMethodWorker.invokeTestMethods(TestMethodWorker.java:154)
	at org.testng.internal.invokers.TestMethodWorker.run(TestMethodWorker.java:134)
	at java.base/java.util.ArrayList.forEach(ArrayList.java:1511)
	at org.testng.TestRunner.privateRun(TestRunner.java:744)
	at org.testng.TestRunner.run(TestRunner.java:616)
	at org.testng.SuiteRunner.runTest(SuiteRunner.java:421)
	at org.testng.SuiteRunner.runSequentially(SuiteRunner.java:413)
	at org.testng.SuiteRunner.privateRun(SuiteRunner.java:373)
	at org.testng.SuiteRunner.run(SuiteRunner.java:312)
	at org.testng.SuiteRunnerWorker.runSuite(SuiteRunnerWorker.java:52)
	at org.testng.SuiteRunnerWorker.run(SuiteRunnerWorker.java:95)
	at org.testng.TestNG.runSuitesSequentially(TestNG.java:1274)
	at org.testng.TestNG.runSuitesLocally(TestNG.java:1208)
	at org.testng.TestNG.runSuites(TestNG.java:1112)
	at org.testng.TestNG.run(TestNG.java:1079)
	at com.intellij.rt.testng.IDEARemoteTestNG.run(IDEARemoteTestNG.java:66)
	at com.intellij.rt.testng.RemoteTestNGStarter.main(RemoteTestNGStarter.java:105)
2026-09-27 16:38:29 [main] INFO  Base - ===== Starting Test Teardown =====
2026-09-27 16:38:29 [main] ERROR Base - Test failed: NewEntryFormCreateTest
2026-09-27 16:38:29 [main] ERROR Base - Test failure reason: stale element reference: stale element not found in the current frame
  (Session info: chrome=153.0.8010.53)
For documentation on this error, please visit: https://www.selenium.dev/documentation/webdriver/troubleshooting/errors#staleelementreferenceexception
Build info: version: '4.47.0', revision: '9175ed9 9175ed94d83e87cc3abeb7c9fd91367d17849d35'
System info: os.name: 'Windows 11', os.arch: 'amd64', os.version: '10.0', java.version: '17.0.12'
Driver info: org.openqa.selenium.chrome.ChromeDriver
Command: [9bb1967d675afd7169f479e6de49ebc7, isElementDisplayed {id=f.225CA6CEC321F0890599536F6F291DEB.d.B38832367BAC1E178FBBBAA8998D8B12.e.201}]
Capabilities {acceptInsecureCerts: false, browserName: chrome, browserVersion: 153.0.8010.53, chrome: {chromedriverVersion: 153.0.8010.52 (78e5e45d4bb4..., userDataDir: C:\Users\dgowda\AppData\Loc...}, fedcm:accounts: true, goog:chromeOptions: {debuggerAddress: localhost:59457}, goog:processID: 32108, networkConnectionEnabled: false, pageLoadStrategy: normal, platformName: windows, proxy: Proxy(), se:cdp: ws://localhost:59457/devtoo..., se:cdpVersion: 153.0.8010.53, setWindowRect: true, strictFileInteractability: false, timeouts: {implicit: 0, pageLoad: 300000, script: 30000}, unhandledPromptBehavior: dismiss and notify, webauthn:extension:cmtgKey: true, webauthn:extension:credBlob: true, webauthn:extension:largeBlob: true, webauthn:extension:minPinLength: true, webauthn:extension:prf: true, webauthn:virtualAuthenticators: true}
Element: [[ChromeDriver: chrome on windows (9bb1967d675afd7169f479e6de49ebc7)] -> xpath: //*[normalize-space()='Material Outward Register (Returnable)']]
Session ID: 9bb1967d675afd7169f479e6de49ebc7
2026-09-27 16:38:30 [main] INFO  Base - Capturing failure screenshot for test: NewEntryFormCreateTest
2026-09-27 16:38:30 [main] INFO  ScreenshotUtil - Capturing screenshot for test: NewEntryFormCreateTest
2026-09-27 16:38:30 [main] INFO  ScreenshotUtil - Screenshot captured successfully: D:\AmazonProject\Mystuffs\Selenium with Java\DOR POM\test-output\screenshots\NewEntryFormCreateTest_27092026_163830.png
2026-09-27 16:38:30 [main] INFO  Base - Failure screenshot attached to Extent Report.
2026-09-27 16:38:30 [main] INFO  Base - Closing browser.
2026-09-27 16:38:30 [main] INFO  Base - ===== Test Teardown Completed =====
2026-09-27 16:38:30 [main] INFO  Base - ===== Starting Test Setup =====
2026-09-27 16:38:30 [main] INFO  Base - Initializing Chrome browser.
2026-09-27 16:38:32 [main] INFO  Base - Maximizing browser window.
2026-09-27 16:38:32 [main] INFO  Base - Opening application URL.
2026-09-27 16:38:35 [main] INFO  Base - Browser setup completed successfully.
2026-09-27 16:38:35 [main] INFO  Base - ===== Test Setup Completed =====
2026-09-27 16:38:35 [main] INFO  BaseLogin - ===== Starting DOR Login =====
2026-09-27 16:38:35 [main] INFO  BaseLogin - Entering DOR User ID.
2026-09-27 16:38:35 [main] INFO  Login - Entering User ID.
2026-09-27 16:38:35 [main] INFO  BaseLogin - Entering DOR password.
2026-09-27 16:38:35 [main] INFO  Login - Entering password.
2026-09-27 16:38:36 [main] INFO  BaseLogin - Clicking DOR Sign In button.
2026-09-27 16:38:36 [main] INFO  Login - Clicking Sign In button.
2026-09-27 16:38:36 [main] INFO  BaseLogin - DOR login completed successfully.
2026-09-27 16:38:36 [main] INFO  BaseLogin - ===== DOR Login Completed =====
2026-09-27 16:38:36 [main] INFO  MaterialOutwardReturnable_FC_Test - =================================================
2026-09-27 16:38:36 [main] INFO  MaterialOutwardReturnable_FC_Test - Starting Material Outward Returnable form Update test.
2026-09-27 16:38:36 [main] INFO  MaterialOutwardReturnable_FC_Test - =================================================
2026-09-27 16:38:36 [main] INFO  MaterialOutwardReturnable_FC_Test - Opening Register module.
2026-09-27 16:38:36 [main] INFO  Registers - Opening Registers module.
2026-09-27 16:38:42 [main] INFO  Registers - Registers module opened successfully.
2026-09-27 16:38:43 [main] INFO  MaterialOutwardReturnable_FC_Test - Register module opened successfully.
2026-09-27 16:38:43 [main] INFO  MaterialOutwardReturnable_FC_Test - Selecting vertical: Fulfillment Center
2026-09-27 16:38:43 [main] INFO  Registers - Selecting vertical: Fulfillment Center
2026-09-27 16:38:44 [main] INFO  Registers - Successfully selected vertical: Fulfillment Center
2026-09-27 16:38:45 [main] INFO  MaterialOutwardReturnable_FC_Test - Selecting site: BOM7
2026-09-27 16:38:45 [main] INFO  Registers - Selecting site: BOM7
2026-09-27 16:38:45 [main] INFO  Registers - Successfully selected site: BOM7
2026-09-27 16:38:45 [main] INFO  MaterialOutwardReturnable_FC_Test - Opening Material Outward Register (Returnable).
2026-09-27 16:38:45 [main] INFO  NewEntryFormFields - Opening Material Outward Register (Returnable).
2026-09-27 16:38:45 [main] INFO  NewEntryFormFields - Material Outward Register (Returnable) opened successfully.
2026-09-27 16:38:45 [main] INFO  MaterialOutwardReturnable_FC_Test - Opening View List form.
2026-09-27 16:38:45 [main] INFO  ViewListFormFields - Clicking View List.
2026-09-27 16:38:46 [main] INFO  ViewListFormFields - View List opened successfully.
2026-09-27 16:38:49 [main] INFO  ViewListFormFields - Created form date/time: schedule
27 Sep 2026, 01:52 PM
2026-09-27 16:38:49 [main] INFO  ViewListFormFields - Created form date/time: schedule
27 Sep 2026, 01:52 PM
2026-09-27 16:38:49 [main] INFO  MaterialOutwardReturnable_FC_Test - Actual Date/Time: 27 Sep 2026, 01:52 PM
2026-09-27 16:38:49 [main] INFO  MaterialOutwardReturnable_FC_Test - Expected Date: 27 Sep 2026, 01:52 PM
2026-09-27 16:38:49 [main] INFO  Base - ===== Starting Test Teardown =====
2026-09-27 16:38:49 [main] ERROR Base - Test failed: verifyCreatedFormDateTest
2026-09-27 16:38:49 [main] ERROR Base - Test failure reason: Created date/time does not match. expected [27 Sep 2026, 04:38 pm] but found [27 Sep 2026, 01:52 PM]
2026-09-27 16:38:49 [main] INFO  Base - Capturing failure screenshot for test: verifyCreatedFormDateTest
2026-09-27 16:38:49 [main] INFO  ScreenshotUtil - Capturing screenshot for test: verifyCreatedFormDateTest
2026-09-27 16:38:49 [main] INFO  ScreenshotUtil - Screenshot captured successfully: D:\AmazonProject\Mystuffs\Selenium with Java\DOR POM\test-output\screenshots\verifyCreatedFormDateTest_27092026_163849.png
2026-09-27 16:38:49 [main] INFO  Base - Failure screenshot attached to Extent Report.
2026-09-27 16:38:49 [main] INFO  Base - Closing browser.
2026-09-27 16:38:49 [main] INFO  Base - ===== Test Teardown Completed =====
2026-09-27 16:38:49 [main] INFO  Base - ===== Starting Test Setup =====
2026-09-27 16:38:49 [main] INFO  Base - Initializing Chrome browser.
2026-09-27 16:38:51 [main] INFO  Base - Maximizing browser window.
2026-09-27 16:38:51 [main] INFO  Base - Opening application URL.
2026-09-27 16:38:52 [main] INFO  Base - Browser setup completed successfully.
2026-09-27 16:38:52 [main] INFO  Base - ===== Test Setup Completed =====
2026-09-27 16:38:52 [main] INFO  BaseLogin - ===== Starting DOR Login =====
2026-09-27 16:38:52 [main] INFO  BaseLogin - Entering DOR User ID.
2026-09-27 16:38:52 [main] INFO  Login - Entering User ID.
2026-09-27 16:38:54 [main] INFO  BaseLogin - Entering DOR password.
2026-09-27 16:38:54 [main] INFO  Login - Entering password.
2026-09-27 16:38:54 [main] INFO  BaseLogin - Clicking DOR Sign In button.
2026-09-27 16:38:54 [main] INFO  Login - Clicking Sign In button.
2026-09-27 16:38:54 [main] INFO  BaseLogin - DOR login completed successfully.
2026-09-27 16:38:54 [main] INFO  BaseLogin - ===== DOR Login Completed =====
2026-09-27 16:38:54 [main] INFO  MaterialOutwardReturnable_FC_Test - =================================================
2026-09-27 16:38:54 [main] INFO  MaterialOutwardReturnable_FC_Test - Starting Material Outward Returnable form Update test.
2026-09-27 16:38:54 [main] INFO  MaterialOutwardReturnable_FC_Test - =================================================
2026-09-27 16:38:54 [main] INFO  MaterialOutwardReturnable_FC_Test - Opening Register module.
2026-09-27 16:38:54 [main] INFO  Registers - Opening Registers module.
2026-09-27 16:38:56 [main] INFO  Registers - Registers module opened successfully.
2026-09-27 16:38:57 [main] INFO  MaterialOutwardReturnable_FC_Test - Register module opened successfully.
2026-09-27 16:38:57 [main] INFO  MaterialOutwardReturnable_FC_Test - Selecting vertical: Fulfillment Center
2026-09-27 16:38:57 [main] INFO  Registers - Selecting vertical: Fulfillment Center
2026-09-27 16:38:57 [main] INFO  Registers - Successfully selected vertical: Fulfillment Center
2026-09-27 16:38:58 [main] INFO  MaterialOutwardReturnable_FC_Test - Selecting site: BOM7
2026-09-27 16:38:58 [main] INFO  Registers - Selecting site: BOM7
2026-09-27 16:38:58 [main] INFO  Registers - Successfully selected site: BOM7
2026-09-27 16:38:58 [main] INFO  MaterialOutwardReturnable_FC_Test - Opening Material Outward Register (Returnable).
2026-09-27 16:38:58 [main] INFO  NewEntryFormFields - Opening Material Outward Register (Returnable).
2026-09-27 16:38:58 [main] INFO  NewEntryFormFields - Material Outward Register (Returnable) opened successfully.
2026-09-27 16:38:58 [main] INFO  MaterialOutwardReturnable_FC_Test - Opening View List form.
2026-09-27 16:38:58 [main] INFO  ViewListFormFields - Clicking View List.
2026-09-27 16:38:58 [main] INFO  ViewListFormFields - View List opened successfully.
2026-09-27 16:38:58 [main] INFO  NewEntryFormFields - Waiting for form creation success message.
2026-09-27 16:38:59 [main] INFO  NewEntryFormFields - Success message received: Material Outward Register (Returnable)
2026-09-27 16:38:59 [main] INFO  MaterialOutwardReturnable_FC_Test - Clicking edit action
2026-09-27 16:38:59 [main] INFO  ViewListFormFields - Clicking Edit Action.
2026-09-27 16:39:00 [main] INFO  ViewListFormFields - Edit button clicked successfully.
2026-09-27 16:39:02 [main] INFO  NewEntryFormFields - Waiting for form creation success message.
2026-09-27 16:39:02 [main] INFO  NewEntryFormFields - Success message received: Material Outward Register (Returnable)
2026-09-27 16:39:02 [main] INFO  MaterialOutwardReturnable_FC_Test - Starting verification of created form in View List.
2026-09-27 16:39:02 [main] INFO  ViewListFormFields - View List - Form Date: 8/12/2026
2026-09-27 16:39:02 [main] INFO  ViewListFormFields - View List - GP Number: 12345
2026-09-27 16:39:02 [main] INFO  ViewListFormFields - View List - Date and Time: 10/12/2026, 6:30 PM
2026-09-27 16:39:02 [main] INFO  ViewListFormFields - View List - Description: Test Description
2026-09-27 16:39:02 [main] INFO  ViewListFormFields - View List - Denom: Test Denom
2026-09-27 16:39:02 [main] INFO  ViewListFormFields - View List - Quantity: 10
2026-09-27 16:39:02 [main] INFO  ViewListFormFields - View List - Material Sent To Address: Test Address
2026-09-27 16:39:02 [main] INFO  ViewListFormFields - View List - Authorised Name: Test Authorised Name
2026-09-27 16:39:02 [main] INFO  ViewListFormFields - View List - Purpose: Test Purpose
2026-09-27 16:39:02 [main] INFO  ViewListFormFields - View List - In-security Name: Test Insecurity Name
2026-09-27 16:39:02 [main] INFO  ViewListFormFields - View List - Approximate Date: 11/12/2026
2026-09-27 16:39:02 [main] INFO  ViewListFormFields - View List - Material Carried Name: Test Material Carried Name
2026-09-27 16:39:02 [main] INFO  ViewListFormFields - View List - DC Number: 12345
2026-09-27 16:39:02 [main] INFO  ViewListFormFields - View List - Material Return Date: 9/17/2026
2026-09-27 16:39:02 [main] INFO  ViewListFormFields - View List - Material Return Quantity: 5
2026-09-27 16:39:02 [main] INFO  ViewListFormFields - View List - Security Name: Test Security Name
2026-09-27 16:39:02 [main] INFO  ViewListFormFields - View List - Remarks: Test Remarks
2026-09-27 16:39:02 [main] INFO  MaterialOutwardReturnable_FC_Test - Updating and Submitting Material Outward Returnable form.
2026-09-27 16:39:02 [main] INFO  ViewListFormFields - Waiting for Continue & Save button.
2026-09-27 16:39:02 [main] INFO  ViewListFormFields - Clicking Continue & Save.
2026-09-27 16:39:03 [main] INFO  ViewListFormFields - Continue & Save clicked successfully.
2026-09-27 16:39:03 [main] INFO  ViewListFormFields - Waiting for form creation success message.
2026-09-27 16:39:03 [main] INFO  ViewListFormFields - Success message received: Form updated succesfully
2026-09-27 16:39:03 [main] INFO  MaterialOutwardReturnable_FC_Test - Validating form creation message. Expected: Form updated succesfully, Actual: Form updated succesfully
2026-09-27 16:39:03 [main] INFO  MaterialOutwardReturnable_FC_Test - Material Outward Returnable form created successfully.
2026-09-27 16:39:03 [main] INFO  MaterialOutwardReturnable_FC_Test - All created form details verified successfully in View List.
2026-09-27 16:39:03 [main] INFO  Base - ===== Starting Test Teardown =====
2026-09-27 16:39:03 [main] INFO  Base - Test passed: ListFormUpdateTest
2026-09-27 16:39:03 [main] INFO  Base - Closing browser.
2026-09-27 16:39:03 [main] INFO  Base - ===== Test Teardown Completed =====
2026-09-27 16:39:03 [main] INFO  Base - ===== Flushing Extent Report =====
2026-09-27 16:39:04 [main] INFO  Base - Extent Report generated successfully.
2026-09-27 16:50:50 [main] INFO  ExtentReportManager - Initializing Extent Report.
2026-09-27 16:50:50 [main] INFO  ExtentReportManager - Extent Report initialized successfully.
2026-09-27 16:50:50 [main] INFO  Utils - [TestNG] Running:
  C:\Users\dgowda\AppData\Local\JetBrains\IdeaIC2023.2\temp-testng-customsuite.xml

2026-09-27 16:50:50 [main] INFO  Base - ===== Starting Test Setup =====
2026-09-27 16:50:50 [main] INFO  Base - Initializing Chrome browser.
2026-09-27 16:50:53 [main] INFO  Base - Maximizing browser window.
2026-09-27 16:50:53 [main] INFO  Base - Opening application URL.
2026-09-27 16:50:55 [main] INFO  Base - Browser setup completed successfully.
2026-09-27 16:50:55 [main] INFO  Base - ===== Test Setup Completed =====
2026-09-27 16:50:55 [main] INFO  BaseLogin - ===== Starting DOR Login =====
2026-09-27 16:50:55 [main] INFO  BaseLogin - Entering DOR User ID.
2026-09-27 16:50:55 [main] INFO  Login - Entering User ID.
2026-09-27 16:50:56 [main] INFO  BaseLogin - Entering DOR password.
2026-09-27 16:50:56 [main] INFO  Login - Entering password.
2026-09-27 16:50:56 [main] INFO  BaseLogin - Clicking DOR Sign In button.
2026-09-27 16:50:56 [main] INFO  Login - Clicking Sign In button.
2026-09-27 16:50:56 [main] INFO  BaseLogin - DOR login completed successfully.
2026-09-27 16:50:56 [main] INFO  BaseLogin - ===== DOR Login Completed =====
2026-09-27 16:50:56 [main] INFO  MaterialOutwardReturnable_FC_Test - =================================================
2026-09-27 16:50:56 [main] INFO  MaterialOutwardReturnable_FC_Test - Starting Material Outward Returnable form Update test.
2026-09-27 16:50:56 [main] INFO  MaterialOutwardReturnable_FC_Test - =================================================
2026-09-27 16:50:56 [main] INFO  MaterialOutwardReturnable_FC_Test - Opening Register module.
2026-09-27 16:50:56 [main] INFO  Registers - Opening Registers module.
2026-09-27 16:50:58 [main] INFO  Registers - Registers module opened successfully.
2026-09-27 16:50:59 [main] INFO  MaterialOutwardReturnable_FC_Test - Register module opened successfully.
2026-09-27 16:50:59 [main] INFO  MaterialOutwardReturnable_FC_Test - Selecting vertical: Fulfillment Center
2026-09-27 16:50:59 [main] INFO  Registers - Selecting vertical: Fulfillment Center
2026-09-27 16:51:00 [main] INFO  Registers - Successfully selected vertical: Fulfillment Center
2026-09-27 16:51:01 [main] INFO  MaterialOutwardReturnable_FC_Test - Selecting site: BOM7
2026-09-27 16:51:01 [main] INFO  Registers - Selecting site: BOM7
2026-09-27 16:51:01 [main] INFO  Registers - Successfully selected site: BOM7
2026-09-27 16:51:01 [main] INFO  MaterialOutwardReturnable_FC_Test - Opening Material Outward Register (Returnable).
2026-09-27 16:51:01 [main] INFO  NewEntryFormFields - Opening Material Outward Register (Returnable).
2026-09-27 16:51:01 [main] INFO  NewEntryFormFields - Material Outward Register (Returnable) opened successfully.
2026-09-27 16:51:01 [main] INFO  MaterialOutwardReturnable_FC_Test - Opening View List form.
2026-09-27 16:51:01 [main] INFO  ViewListFormFields - Clicking View List.
2026-09-27 16:51:01 [main] INFO  ViewListFormFields - View List opened successfully.
2026-09-27 16:51:02 [main] INFO  ViewListFormFields - Created form date: 27 Sep 2026
2026-09-27 16:51:02 [main] INFO  ViewListFormFields - Created form date: 27 Sep 2026
2026-09-27 16:51:03 [main] INFO  MaterialOutwardReturnable_FC_Test - Actual Date/Time: 27 Sep 2026
2026-09-27 16:51:03 [main] INFO  MaterialOutwardReturnable_FC_Test - Expected Date: 27 Sep 2026
2026-09-27 16:51:03 [main] INFO  MaterialOutwardReturnable_FC_Test - All created form details verified successfully in View List.
2026-09-27 16:51:03 [main] INFO  Base - ===== Starting Test Teardown =====
2026-09-27 16:51:03 [main] INFO  Base - Test passed: verifyCreatedFormDateTest
2026-09-27 16:51:03 [main] INFO  Base - Closing browser.
2026-09-27 16:51:03 [main] INFO  Base - ===== Test Teardown Completed =====
2026-09-27 16:51:03 [main] INFO  Base - ===== Flushing Extent Report =====
2026-09-27 16:51:03 [main] INFO  Base - Extent Report generated successfully.
2026-09-27 17:08:20 [main] INFO  ExtentReportManager - Initializing Extent Report.
2026-09-27 17:08:20 [main] INFO  ExtentReportManager - Extent Report initialized successfully.
2026-09-27 17:08:20 [main] INFO  Utils - [TestNG] Running:
  C:\Users\dgowda\AppData\Local\JetBrains\IdeaIC2023.2\temp-testng-customsuite.xml

2026-09-27 17:08:20 [main] INFO  Base - ===== Starting Test Setup =====
2026-09-27 17:08:20 [main] INFO  Base - Initializing Chrome browser.
2026-09-27 17:08:23 [main] INFO  Base - Maximizing browser window.
2026-09-27 17:08:23 [main] INFO  Base - Opening application URL.
2026-09-27 17:08:25 [main] INFO  Base - Browser setup completed successfully.
2026-09-27 17:08:25 [main] INFO  Base - ===== Test Setup Completed =====
2026-09-27 17:08:25 [main] INFO  BaseLogin - ===== Starting DOR Login =====
2026-09-27 17:08:25 [main] INFO  BaseLogin - Entering DOR User ID.
2026-09-27 17:08:25 [main] INFO  Login - Entering User ID.
2026-09-27 17:08:26 [main] INFO  BaseLogin - Entering DOR password.
2026-09-27 17:08:26 [main] INFO  Login - Entering password.
2026-09-27 17:08:26 [main] INFO  BaseLogin - Clicking DOR Sign In button.
2026-09-27 17:08:26 [main] INFO  Login - Clicking Sign In button.
2026-09-27 17:08:26 [main] INFO  BaseLogin - DOR login completed successfully.
2026-09-27 17:08:26 [main] INFO  BaseLogin - ===== DOR Login Completed =====
2026-09-27 17:08:26 [main] INFO  MaterialOutwardReturnable_FC_Test - =================================================
2026-09-27 17:08:26 [main] INFO  MaterialOutwardReturnable_FC_Test - Starting Material Outward Returnable form Update test.
2026-09-27 17:08:26 [main] INFO  MaterialOutwardReturnable_FC_Test - =================================================
2026-09-27 17:08:27 [main] INFO  MaterialOutwardReturnable_FC_Test - Opening Register module.
2026-09-27 17:08:27 [main] INFO  Registers - Opening Registers module.
2026-09-27 17:08:28 [main] INFO  Registers - Registers module opened successfully.
2026-09-27 17:08:29 [main] INFO  MaterialOutwardReturnable_FC_Test - Register module opened successfully.
2026-09-27 17:08:29 [main] INFO  MaterialOutwardReturnable_FC_Test - Selecting vertical: Fulfillment Center
2026-09-27 17:08:29 [main] INFO  Registers - Selecting vertical: Fulfillment Center
2026-09-27 17:08:30 [main] INFO  Registers - Successfully selected vertical: Fulfillment Center
2026-09-27 17:08:31 [main] INFO  MaterialOutwardReturnable_FC_Test - Selecting site: BOM7
2026-09-27 17:08:31 [main] INFO  Registers - Selecting site: BOM7
2026-09-27 17:08:31 [main] INFO  Registers - Successfully selected site: BOM7
2026-09-27 17:08:31 [main] INFO  MaterialOutwardReturnable_FC_Test - Opening Material Outward Register (Returnable).
2026-09-27 17:08:31 [main] INFO  NewEntryFormFields - Opening Material Outward Register (Returnable).
2026-09-27 17:08:31 [main] INFO  NewEntryFormFields - Material Outward Register (Returnable) opened successfully.
2026-09-27 17:08:31 [main] INFO  MaterialOutwardReturnable_FC_Test - Opening View List form.
2026-09-27 17:08:31 [main] INFO  ViewListFormFields - Clicking View List.
2026-09-27 17:08:31 [main] INFO  ViewListFormFields - View List opened successfully.
2026-09-27 17:08:31 [main] INFO  NewEntryFormFields - Waiting for form creation success message.
2026-09-27 17:08:32 [main] INFO  NewEntryFormFields - Success message received: Material Outward Register (Returnable)
2026-09-27 17:08:32 [main] INFO  MaterialOutwardReturnable_FC_Test - Clicking edit action
2026-09-27 17:08:32 [main] INFO  ViewListFormFields - Clicking Edit Action.
2026-09-27 17:08:32 [main] INFO  ViewListFormFields - Edit button clicked successfully.
2026-09-27 17:08:34 [main] INFO  NewEntryFormFields - Waiting for form creation success message.
2026-09-27 17:08:34 [main] INFO  NewEntryFormFields - Success message received: Material Outward Register (Returnable)
2026-09-27 17:08:34 [main] INFO  MaterialOutwardReturnable_FC_Test - Starting verification of created form in View List.
2026-09-27 17:08:34 [main] INFO  NewEntryFormFields - Entering remarks.
2026-09-27 17:08:35 [main] INFO  NewEntryFormFields - Remarks entered successfully.
2026-09-27 17:08:35 [main] INFO  MaterialOutwardReturnable_FC_Test - Updating and Submitting Material Outward Returnable form.
2026-09-27 17:08:35 [main] INFO  ViewListFormFields - Waiting for Continue & Save button.
2026-09-27 17:08:35 [main] INFO  ViewListFormFields - Clicking Continue & Save.
2026-09-27 17:08:35 [main] INFO  ViewListFormFields - Continue & Save clicked successfully.
2026-09-27 17:08:35 [main] INFO  ViewListFormFields - Waiting for form creation success message.
2026-09-27 17:08:36 [main] INFO  ViewListFormFields - Success message received: Form updated succesfully
2026-09-27 17:08:36 [main] INFO  MaterialOutwardReturnable_FC_Test - Validating form creation message. Expected: Form updated succesfully, Actual: Form updated succesfully
2026-09-27 17:08:36 [main] INFO  MaterialOutwardReturnable_FC_Test - Material Outward Returnable form created successfully.
2026-09-27 17:08:36 [main] INFO  MaterialOutwardReturnable_FC_Test - All created form details verified successfully in View List.
2026-09-27 17:08:36 [main] INFO  Base - ===== Starting Test Teardown =====
2026-09-27 17:08:36 [main] INFO  Base - Test passed: ListFormUpdateTest
2026-09-27 17:08:36 [main] INFO  Base - Closing browser.
2026-09-27 17:08:36 [main] INFO  Base - ===== Test Teardown Completed =====
2026-09-27 17:08:36 [main] INFO  Base - ===== Flushing Extent Report =====
2026-09-27 17:08:37 [main] INFO  Base - Extent Report generated successfully.
